id,title,categoryId,playlistId,duration,views,uploadedDate
A2bFN3MyNDA,Lecture 1 - Introduction to Algorithms,24,PLOtl7M3yp-DX32N0fVIyvn7ipWKNGmwpp,PT1H20M1S,51157,2017-03-20T23:02:15Z
Cj73t5DGDWM,Lecture 2 - Asymptotic Notation,24,PLOtl7M3yp-DX32N0fVIyvn7ipWKNGmwpp,PT1H20M,12571,2017-03-20T23:06:47Z
Ebk3l5bG5Tk,Lecture 3 - Program Analysis,24,PLOtl7M3yp-DX32N0fVIyvn7ipWKNGmwpp,PT1H13M53S,5336,2017-03-03T21:49:28Z
keb4uAM4bFw,Lecture 4 - Elementary Data Structures,24,PLOtl7M3yp-DX32N0fVIyvn7ipWKNGmwpp,PT1H17M53S,5205,2017-03-03T21:49:28Z
ITO0rlNqTd0,Lecture 5 - Dictionaries,24,PLOtl7M3yp-DX32N0fVIyvn7ipWKNGmwpp,PT1H18M25S,3200,2017-03-03T21:49:28Z
hfCW4KdD9DY,Lecture 6 - Hashing,24,PLOtl7M3yp-DX32N0fVIyvn7ipWKNGmwpp,PT1H8M41S,2910,2017-03-03T21:49:29Z
sU0r4AXgRyk,Lecture 7 - Heapsort / Priority Queues,24,PLOtl7M3yp-DX32N0fVIyvn7ipWKNGmwpp,PT1H20M,2155,2017-03-03T21:49:29Z
kVVR_-E9Qj4,Lecture 8 - Mergesort / Quicksort,24,PLOtl7M3yp-DX32N0fVIyvn7ipWKNGmwpp,PT1H7M34S,1686,2017-03-03T21:49:30Z
nZh57Flly_U,Lecture 9 - Linear Sorting,24,PLOtl7M3yp-DX32N0fVIyvn7ipWKNGmwpp,PT55M24S,1158,2017-03-03T21:49:30Z
PsJS89WFUAA,Lecture 10 - Graph Data Structures,24,PLOtl7M3yp-DX32N0fVIyvn7ipWKNGmwpp,PT1H19M50S,3029,2017-03-03T21:49:31Z
SSaKPE7CV70,Lecture 11 - Breadth-First Search,24,PLOtl7M3yp-DX32N0fVIyvn7ipWKNGmwpp,PT1H12M47S,1920,2017-03-03T21:49:31Z
RWVk4_uLlFA,Lecture 12 - Depth-First Search,24,PLOtl7M3yp-DX32N0fVIyvn7ipWKNGmwpp,PT1H17M43S,1508,2017-03-03T21:49:32Z
GdZZFnRKOcU,Lecture 13 - Minimum Spanning Trees I,24,PLOtl7M3yp-DX32N0fVIyvn7ipWKNGmwpp,PT1H12M28S,1396,2017-03-03T21:49:27Z
tdb62tsjqI8,Lecture 14 - Minimum Spanning Trees II,24,PLOtl7M3yp-DX32N0fVIyvn7ipWKNGmwpp,PT1H18M42S,805,2017-03-03T21:49:26Z
Ns8-fdqab9Q,Lecture 15 - Shortest Paths,24,PLOtl7M3yp-DX32N0fVIyvn7ipWKNGmwpp,PT1H14M32S,894,2017-03-03T21:49:26Z
_ieNMJuTr4U,Lecture 16 - Backtracking I,24,PLOtl7M3yp-DX32N0fVIyvn7ipWKNGmwpp,PT1H18M17S,3040,2017-03-03T21:49:25Z
Ls9gAZUCxP4,Lecture 17 - Backtracking II,24,PLOtl7M3yp-DX32N0fVIyvn7ipWKNGmwpp,PT1H18M24S,947,2017-03-03T21:49:25Z
eVYkFniKeis,Lecture 18 - Introduction to Dynamic Programming,24,PLOtl7M3yp-DX32N0fVIyvn7ipWKNGmwpp,PT1H12M19S,2081,2017-03-03T21:49:24Z
qd77BhCrvOY,Lecture 19 - Edit Distance I,24,PLOtl7M3yp-DX32N0fVIyvn7ipWKNGmwpp,PT1H8M33S,1215,2017-03-03T21:49:24Z
No3A-D25xXU,Lecture 20 - Edit Distance II,24,PLOtl7M3yp-DX32N0fVIyvn7ipWKNGmwpp,PT1H13M6S,676,2017-03-03T21:49:23Z
Ute49tYhyFw,Lecture 21 - Edit Distance III,24,PLOtl7M3yp-DX32N0fVIyvn7ipWKNGmwpp,PT1H18M38S,558,2017-03-03T21:49:23Z
_Rme0IO2S38,Lecture 22 - Applications of Dynamic Programming,24,PLOtl7M3yp-DX32N0fVIyvn7ipWKNGmwpp,PT59M2S,1290,2017-03-03T21:49:22Z
56X2UnRwLQA,Lecture 23 - Introduction to NP-Completeness,24,PLOtl7M3yp-DX32N0fVIyvn7ipWKNGmwpp,PT1H20M,845,2017-03-03T21:49:22Z
UuYQXlDJw74,Lecture 24 - Satisfiability,24,PLOtl7M3yp-DX32N0fVIyvn7ipWKNGmwpp,PT1H20M,599,2017-03-03T21:49:21Z
8u0FB1-Xt2A,Lecture 25 - Other Reductions,24,PLOtl7M3yp-DX32N0fVIyvn7ipWKNGmwpp,PT1H20M,489,2017-03-03T21:49:21Z
VR5zOReL6_g,Lecture 26 - The NP-Completeness Challenge,24,PLOtl7M3yp-DX32N0fVIyvn7ipWKNGmwpp,PT1H16M23S,545,2017-03-03T21:49:20Z
78dUCOF9zxE,Lecture 0 - Course Administration,24,PLOtl7M3yp-DVBdLYatrltDJr56AKZ1qXo,PT44M15S,11935,2017-02-23T20:58:27Z
Oqb3WSPOyv8,Lecture 1 - Introduction to Data Science,24,PLOtl7M3yp-DVBdLYatrltDJr56AKZ1qXo,PT1H11M59S,10597,2017-03-03T22:15:00Z
K2proaXGERU,Lecture 2 - Mathematical Preliminaries,24,PLOtl7M3yp-DVBdLYatrltDJr56AKZ1qXo,PT1H15M46S,4186,2017-03-03T22:15:00Z
oaPSlxoHjn8,Lecture 3 - Python for Data Science I,24,PLOtl7M3yp-DVBdLYatrltDJr56AKZ1qXo,PT1H20M,4818,2017-03-03T22:15:31Z
n5x5LbQx7P4,Lecture 4 - Python for Data Science II,24,PLOtl7M3yp-DVBdLYatrltDJr56AKZ1qXo,PT1H20M,1340,2017-03-03T22:15:34Z
xCO9DFUgbwQ,Lecture 5 - Correlation and Munging,24,PLOtl7M3yp-DVBdLYatrltDJr56AKZ1qXo,PT1H12M35S,1566,2017-03-03T22:15:01Z
KbM596pSQ_A,Lecture 6 - Data Munging,24,PLOtl7M3yp-DVBdLYatrltDJr56AKZ1qXo,PT1H2M21S,2266,2017-03-03T22:15:02Z
IeYf9zURCVs,Lecture 7 - Data Cleaning,24,PLOtl7M3yp-DVBdLYatrltDJr56AKZ1qXo,PT1H9M51S,1323,2017-03-03T22:15:02Z
4PHZl7e8AHg,Lecture 8 - Scores and Rankings I,24,PLOtl7M3yp-DVBdLYatrltDJr56AKZ1qXo,PT1H10M40S,955,2017-03-03T22:15:03Z
gTk8jzFaNnc,Lecture 9 - Scores and Rankings II,24,PLOtl7M3yp-DVBdLYatrltDJr56AKZ1qXo,PT1H4M50S,619,2017-03-03T22:15:02Z
O-4de_R3p80,Lecture 10 - Statistical Distributions,24,PLOtl7M3yp-DVBdLYatrltDJr56AKZ1qXo,PT1H8M28S,853,2017-03-03T22:15:03Z
-0vqNX-qop0,Lecture 11 - Statistical Significance,24,PLOtl7M3yp-DVBdLYatrltDJr56AKZ1qXo,PT1H18M36S,792,2017-03-03T22:15:04Z
ORZYRZc1FmQ,Lecture 12 - Principles of Visualizing Data,24,PLOtl7M3yp-DVBdLYatrltDJr56AKZ1qXo,PT1H15M8S,794,2017-03-03T22:15:04Z
l7_h5OJGEZo,Lecture 13 - Practice of Data Visualization,24,PLOtl7M3yp-DVBdLYatrltDJr56AKZ1qXo,PT1H9M14S,699,2017-03-03T22:15:05Z
P0onS5LSpwA,Lecture 14 - Building Models,24,PLOtl7M3yp-DVBdLYatrltDJr56AKZ1qXo,PT1H17M58S,814,2017-03-03T22:15:05Z
qDgI_3mCIfk,Lecture 15 - Validating Models,24,PLOtl7M3yp-DVBdLYatrltDJr56AKZ1qXo,PT1H16M38S,504,2017-03-03T22:14:58Z
xg-mVcGPYX4,Lecture 16 - Linear Algebra Review,24,PLOtl7M3yp-DVBdLYatrltDJr56AKZ1qXo,PT1H19M31S,631,2017-03-03T22:14:57Z
sa1s_zh42mY,Lecture 17 - Linear Regression,24,PLOtl7M3yp-DVBdLYatrltDJr56AKZ1qXo,PT1H15M46S,628,2017-03-03T22:14:57Z
sadv3lOQFqM,Lecture 18 - Gradient Descent Search and Regularization,24,PLOtl7M3yp-DVBdLYatrltDJr56AKZ1qXo,PT1H18M5S,904,2017-03-03T22:14:56Z
jvyqfMHcBAk,Lecture 19 - Logistic Regression and Classification,24,PLOtl7M3yp-DVBdLYatrltDJr56AKZ1qXo,PT1H16M55S,1207,2017-03-03T22:14:56Z
nQzmL3h82P4,Lecture 20 - Nearest Neighbor Methods I,24,PLOtl7M3yp-DVBdLYatrltDJr56AKZ1qXo,PT1H17M6S,427,2017-03-03T22:14:55Z
KbtxkWVTdR0,Lecture 21 - Nearest Neighbor Methods II,24,PLOtl7M3yp-DVBdLYatrltDJr56AKZ1qXo,PT1H19M14S,305,2017-03-03T22:14:55Z
BSN5kPqmUUM,Lecture 22 - Clustering,24,PLOtl7M3yp-DVBdLYatrltDJr56AKZ1qXo,PT1H7M54S,470,2017-03-03T22:14:54Z
ORD4XTngduo,Lecture 23 - Machine Learning,24,PLOtl7M3yp-DVBdLYatrltDJr56AKZ1qXo,PT1H17M,601,2017-03-03T22:14:54Z
7I8JHn6W1q4,Lecture 24 - Topics in Machine Learning,24,PLOtl7M3yp-DVBdLYatrltDJr56AKZ1qXo,PT1H18M13S,439,2017-03-03T22:14:53Z
GkdYbum5G4c,Lecture 25 - Achieving Scale,24,PLOtl7M3yp-DVBdLYatrltDJr56AKZ1qXo,PT1H17M50S,607,2017-03-03T22:15:35Z
r0dkPXUHETM,Lecture 26 - Human-centric Data Science,24,PLOtl7M3yp-DVBdLYatrltDJr56AKZ1qXo,PT1H11M11S,455,2017-03-03T22:15:34Z
#NAME?,Lecture 1A: Overview and Introduction to Lisp,27,PLE18841CABEA24090,PT1H12M56S,42061,2019-08-22T22:17:39Z
V_7mmwpgJHU,Lecture 1B: Procedures and Processes; Substitution Model,27,PLE18841CABEA24090,PT58M22S,8295,2019-08-22T22:17:21Z
eJeMOEiHv8c,Lecture 2A: Higher-order Procedures,27,PLE18841CABEA24090,PT1H1M21S,5473,2019-08-22T22:17:21Z
DrFkf-T-6Co,Lecture 2B: Compound Data,27,PLE18841CABEA24090,PT1H16M47S,4140,2019-08-22T22:17:22Z
PEwZL3H2oKg,Lecture 3A: Henderson Escher Example,27,PLE18841CABEA24090,PT1H15M25S,4295,2019-08-22T22:17:22Z
bV87UzKMRtE,Lecture 3B: Symbolic Differentiation; Quotation,27,PLE18841CABEA24090,PT44M2S,2341,2019-08-22T22:17:21Z
_fXQ1SwKjDg,Lecture 4A: Pattern Matching and Rule-based Substitution,27,PLE18841CABEA24090,PT1H3M10S,2808,2019-08-22T22:17:22Z
OscT4N2qq7o,Lecture 4B: Generic Operators,27,PLE18841CABEA24090,PT1H23M38S,1832,2019-08-22T22:17:21Z
dO1aqPBJCPg,"Lecture 5A: Assignment, State, and Side-effects",27,PLE18841CABEA24090,PT1H15M20S,1921,2019-08-22T22:17:21Z
yedzRWhi-9E,Lecture 5B: Computational Objects,27,PLE18841CABEA24090,PT1H4M31S,1791,2019-08-22T22:17:21Z
JkGKLILLy0I,"Lecture 6A: Streams, Part 1",27,PLE18841CABEA24090,PT1H6M57S,1730,2019-08-22T22:17:21Z
qp05AtXbOP0,"Lecture 6B: Streams, Part 2",27,PLE18841CABEA24090,PT1H3M1S,1405,2019-08-22T22:17:22Z
aAlR3cezPJg,"Lecture 7A: Metacircular Evaluator, Part 1",27,PLE18841CABEA24090,PT1H24M38S,3365,2019-08-22T22:17:21Z
QVEOq5k6Xi0,"Lecture 7B: Metacircular Evaluator, Part 2",27,PLE18841CABEA24090,PT1H6S,1616,2019-08-22T22:17:22Z
rCqMiPk1BJE,"Lecture 8A: Logic Programming, Part 1",27,PLE18841CABEA24090,PT41M45S,7981,2019-08-22T22:17:22Z
GReBwkGFZcs,"Lecture 8B: Logic Programming, Part 2",27,PLE18841CABEA24090,PT1H8M45S,1300,2019-08-22T22:17:21Z
cIc8ZBMcqAc,Lecture 9A: Register Machines,27,PLE18841CABEA24090,PT1H11M56S,1379,2019-08-22T22:17:22Z
Z8-qWEEwTCk,Lecture 9B: Explicit-control Evaluator,27,PLE18841CABEA24090,PT1H10M43S,710,2019-08-22T22:17:21Z
TqO6V3qR9Ws,Lecture 10A: Compilation,27,PLE18841CABEA24090,PT45M44S,931,2019-08-22T22:17:21Z
AbK4bZhUk48,Lecture 10B: Storage Allocation and Garbage Collection,27,PLE18841CABEA24090,PT58M53S,1251,2019-08-22T22:17:21Z
2Op3QLzMgSY,"Lecture 1A | MIT 6.001 Structure and Interpretation, 1986",27,PLE18841CABEA24090,PT1H12M56S,919805,2009-04-08T15:51:22Z
dlbMuv-jix8,"Lecture 1B | MIT 6.001 Structure and Interpretation, 1986",27,PLE18841CABEA24090,PT58M22S,103044,2009-04-08T18:13:22Z
erHp3r6PbJk,"Lecture 2A | MIT 6.001 Structure and Interpretation, 1986",27,PLE18841CABEA24090,PT1H1M21S,80422,2009-04-08T18:57:29Z
ymsbTVLbyN4,"Lecture 2B | MIT 6.001 Structure and Interpretation, 1986",27,PLE18841CABEA24090,PT1H16M49S,48962,2009-04-08T19:20:20Z
2QgZVYI3tDs,"Lecture 3A | MIT 6.001 Structure and Interpretation, 1986",27,PLE18841CABEA24090,PT1H15M37S,43828,2009-04-08T19:52:19Z
X21cKVtGvYk,"Lecture 3B | MIT 6.001 Structure and Interpretation, 1986",27,PLE18841CABEA24090,PT44M6S,27646,2009-04-08T19:10:22Z
amf5lTZ0UTc,"Lecture 4A | MIT 6.001 Structure and Interpretation, 1986",27,PLE18841CABEA24090,PT1H3M10S,29356,2009-04-08T20:25:21Z
h6Z7vx9iUB8,"Lecture 4B | MIT 6.001 Structure and Interpretation, 1986",27,PLE18841CABEA24090,PT1H23M40S,22301,2009-04-08T21:05:50Z
jl8EHP1WrWY,"Lecture 5A | MIT 6.001 Structure and Interpretation, 1986",27,PLE18841CABEA24090,PT1H15M20S,25263,2009-04-08T20:57:18Z
SsBxcpkyMMw,"Lecture 5B | MIT 6.001 Structure and Interpretation, 1986",27,PLE18841CABEA24090,PT1H4M31S,21997,2009-04-08T20:29:04Z
a2Qt9uxhNSM,"Lecture 6A | MIT 6.001 Structure and Interpretation, 1986",27,PLE18841CABEA24090,PT1H6M57S,21130,2009-04-08T21:10:33Z
DCub3iqteuI,"Lecture 6B | MIT 6.001 Structure and Interpretation, 1986",27,PLE18841CABEA24090,PT1H3M2S,24669,2009-04-22T17:23:42Z
0m6hoOelZH8,"Lecture 7A | MIT 6.001 Structure and Interpretation, 1986",27,PLE18841CABEA24090,PT1H24M38S,31196,2009-04-08T22:47:42Z
t5EI5fXX8K0,"Lecture 7B | MIT 6.001 Structure and Interpretation, 1986",27,PLE18841CABEA24090,PT1H7S,13337,2009-04-08T21:38:05Z
cyVXjnFL2Ps,"Lecture 8A | MIT 6.001 Structure and Interpretation, 1986",27,PLE18841CABEA24090,PT41M51S,14902,2009-04-08T21:52:26Z
R3uRidfSpc4,"Lecture 8B | MIT 6.001 Structure and Interpretation, 1986",27,PLE18841CABEA24090,PT1H8M45S,12138,2009-04-08T22:27:34Z
jPDAPmx4pXE,"Lecture 9A | MIT 6.001 Structure and Interpretation, 1986",27,PLE18841CABEA24090,PT1H11M57S,17239,2009-05-14T16:17:05Z
SLcZXbyGC3E,"Lecture 9B | MIT 6.001 Structure and Interpretation, 1986",27,PLE18841CABEA24090,PT1H10M43S,14611,2009-05-14T16:33:50Z
kNmiTTKiYd4,"Lecture 10A | MIT 6.001 Structure and Interpretation, 1986",27,PLE18841CABEA24090,PT45M44S,11674,2009-04-08T23:34:30Z
2s2_FAf-yQs,"Lecture 10B | MIT 6.001 Structure and Interpretation, 1986",27,PLE18841CABEA24090,PT58M56S,18851,2009-04-08T23:35:32Z
7UJ4CFRGd-U,An Interview with Gilbert Strang on Teaching Linear Algebra,27,PLE7DDD91010BC51F8,PT7M34S,253323,2019-08-19T11:25:37Z
J7DzL2_Na80,1. The Geometry of Linear Equations,27,PLE7DDD91010BC51F8,PT39M49S,187957,2019-09-24T20:20:31Z
QVKj3LADCnA,2. Elimination with Matrices.,27,PLE7DDD91010BC51F8,PT47M42S,1244667,2009-05-07T04:00:50Z
FX4C-JpTFgY,3. Multiplication and Inverse Matrices,27,PLE7DDD91010BC51F8,PT46M49S,935915,2009-05-07T04:09:45Z
MsIvs_6vC38,4. Factorization into A = LU,27,PLE7DDD91010BC51F8,PT48M5S,302201,2017-04-24T18:01:31Z
JibVXBElKL0,"5. Transposes, Permutations, Spaces R^n",27,PLE7DDD91010BC51F8,PT47M42S,563213,2009-05-07T03:38:13Z
8o5Cmfpeo6g,6. Column Space and Nullspace,27,PLE7DDD91010BC51F8,PT46M1S,530562,2009-05-07T04:18:37Z
VqP2tREMvt0,"7. Solving Ax = 0: Pivot Variables, Special Solutions",27,PLE7DDD91010BC51F8,PT43M20S,427185,2009-05-07T03:54:12Z
9Q1q7s1jTzU,8. Solving Ax = b: Row Reduced Form R,27,PLE7DDD91010BC51F8,PT47M20S,388437,2009-05-07T04:07:04Z
yjBerM5jWsc,"9. Independence, Basis, and Dimension",27,PLE7DDD91010BC51F8,PT50M14S,402665,2009-05-07T04:10:37Z
nHlE7EgJFds,10. The Four Fundamental Subspaces,27,PLE7DDD91010BC51F8,PT49M20S,371342,2009-05-07T03:41:23Z
2IdtqGM6KWU,11. Matrix Spaces; Rank 1; Small World Graphs,27,PLE7DDD91010BC51F8,PT45M56S,287418,2009-05-07T03:17:50Z
6-wh6yvk6uc,"12. Graphs, Networks, Incidence Matrices",27,PLE7DDD91010BC51F8,PT47M57S,241361,2009-05-07T03:19:59Z
l88D4r74gtM,13. Quiz 1 Review,27,PLE7DDD91010BC51F8,PT47M40S,213896,2009-05-07T04:12:50Z
YzZUIYRCE38,14. Orthogonal Vectors and Subspaces,27,PLE7DDD91010BC51F8,PT49M48S,302513,2009-05-07T03:41:34Z
Y_Ac6KiQ1t0,15. Projections onto Subspaces,27,PLE7DDD91010BC51F8,PT48M51S,293502,2009-05-07T03:23:22Z
osh80YCg_GM,16. Projection Matrices and Least Squares,27,PLE7DDD91010BC51F8,PT48M5S,269245,2009-05-07T03:28:47Z
0MtwqhIwdrI,17. Orthogonal Matrices and Gram-Schmidt,27,PLE7DDD91010BC51F8,PT49M10S,27991,2019-09-24T20:20:31Z
srxexLishgY,18. Properties of Determinants,27,PLE7DDD91010BC51F8,PT49M12S,240517,2009-05-07T04:26:24Z
23LLB9mNJvc,19. Determinant Formulas and Cofactors,27,PLE7DDD91010BC51F8,PT53M17S,219369,2009-05-07T04:03:28Z
QNpj-gOXW9M,"20. Cramer's Rule, Inverse Matrix, and Volume",27,PLE7DDD91010BC51F8,PT51M1S,213337,2009-05-07T04:42:39Z
cdZnhQjJu4I,21. Eigenvalues and Eigenvectors,27,PLE7DDD91010BC51F8,PT51M23S,62131,2019-09-24T20:20:31Z
13r9QY6cmjc,22. Diagonalization and Powers of A,27,PLE7DDD91010BC51F8,PT51M50S,282311,2009-05-07T04:28:01Z
IZqwi0wJovM,23. Differential Equations and exp(At),27,PLE7DDD91010BC51F8,PT51M3S,215874,2009-05-07T05:24:37Z
lGGDIGizcQ0,24. Markov Matrices; Fourier Series,27,PLE7DDD91010BC51F8,PT51M12S,15930,2019-09-24T20:20:31Z
QuZL5IKpO_U,24b. Quiz 2 Review,27,PLE7DDD91010BC51F8,PT48M20S,6270,2019-09-24T20:20:31Z
UCc9q_cAhho,25. Symmetric Matrices and Positive Definiteness,27,PLE7DDD91010BC51F8,PT43M52S,19173,2019-09-24T20:20:31Z
M0Sa8fLOajA,26. Complex Matrices; Fast Fourier Transform,27,PLE7DDD91010BC51F8,PT47M52S,155544,2009-05-07T05:02:31Z
vF7eyJ2g3kU,27. Positive Definite Matrices and Minima,27,PLE7DDD91010BC51F8,PT50M40S,152403,2009-05-07T04:25:49Z
TSdXJw83kyA,28. Similar Matrices and Jordan Form,27,PLE7DDD91010BC51F8,PT45M56S,16621,2019-09-24T20:20:31Z
TX_vooSnhm8,29. Singular Value Decomposition,27,PLE7DDD91010BC51F8,PT40M29S,19580,2019-09-24T20:20:31Z
Ts3o2I8_Mxc,30. Linear Transformations and Their Matrices,27,PLE7DDD91010BC51F8,PT49M27S,239752,2009-05-07T04:21:23Z
0h43aV4aH7I,31. Change of Basis; Image Compression,27,PLE7DDD91010BC51F8,PT50M14S,12620,2019-09-24T20:20:31Z
HgC1l_6ySkc,32. Quiz 3 Review,27,PLE7DDD91010BC51F8,PT47M6S,101641,2009-05-07T03:53:56Z
Go2aLo7ZOlU,33. Left and Right Inverses; Pseudoinverse,27,PLE7DDD91010BC51F8,PT41M53S,139239,2009-05-07T05:11:33Z
RWvi4Vx4CDc,34. Final Course Review,27,PLE7DDD91010BC51F8,PT43M26S,131617,2009-05-07T03:42:27Z
HtSuA80QTyo,"1. Algorithmic Thinking, Peak Finding",27,PLUl4u3cNGP61Oq3tWYp6V_F-5jb5L2iHb,PT53M22S,2727766,2013-01-14T20:26:48Z
Zc54gFhdpLA,"2. Models of Computation, Document Distance",27,PLUl4u3cNGP61Oq3tWYp6V_F-5jb5L2iHb,PT48M51S,520349,2013-01-14T20:26:48Z
Kg4bqzAqRBM,"3. Insertion Sort, Merge Sort",27,PLUl4u3cNGP61Oq3tWYp6V_F-5jb5L2iHb,PT51M20S,539021,2013-01-14T20:26:48Z
B7hVxCmfPtM,4. Heaps and Heap Sort,27,PLUl4u3cNGP61Oq3tWYp6V_F-5jb5L2iHb,PT52M32S,580242,2013-01-14T20:26:48Z
9Jry5-82I68,"5. Binary Search Trees, BST Sort",27,PLUl4u3cNGP61Oq3tWYp6V_F-5jb5L2iHb,PT52M40S,416746,2013-01-14T20:26:48Z
FNeL18KsWPc,"6. AVL Trees, AVL Sort",27,PLUl4u3cNGP61Oq3tWYp6V_F-5jb5L2iHb,PT51M59S,477500,2013-01-14T20:26:48Z
Nz1KZXbghj8,"7. Counting Sort, Radix Sort, Lower Bounds for Sorting",27,PLUl4u3cNGP61Oq3tWYp6V_F-5jb5L2iHb,PT52M9S,266521,2013-01-14T20:26:48Z
0M_kIqhwbFo,8. Hashing with Chaining,27,PLUl4u3cNGP61Oq3tWYp6V_F-5jb5L2iHb,PT51M16S,382577,2013-01-14T20:26:39Z
BRO7mVIFt08,"9. Table Doubling, Karp-Rabin",27,PLUl4u3cNGP61Oq3tWYp6V_F-5jb5L2iHb,PT52M47S,154631,2013-01-14T20:26:48Z
rvdJDijO2Ro,"10. Open Addressing, Cryptographic Hashing",27,PLUl4u3cNGP61Oq3tWYp6V_F-5jb5L2iHb,PT50M55S,106626,2013-01-14T20:26:39Z
eCaXlAaN2uE,"11. Integer Arithmetic, Karatsuba Multiplication",27,PLUl4u3cNGP61Oq3tWYp6V_F-5jb5L2iHb,PT47M24S,99573,2013-01-14T20:26:48Z
2YeJ-5UAke8,"12. Square Roots, Newton's Method",27,PLUl4u3cNGP61Oq3tWYp6V_F-5jb5L2iHb,PT51M17S,68527,2013-01-14T20:26:48Z
s-CYnVz-uh4,13. Breadth-First Search (BFS),27,PLUl4u3cNGP61Oq3tWYp6V_F-5jb5L2iHb,PT50M48S,490609,2013-01-14T20:26:39Z
AfSk24UTFS8,"14. Depth-First Search (DFS), Topological Sort",27,PLUl4u3cNGP61Oq3tWYp6V_F-5jb5L2iHb,PT50M31S,299019,2013-01-14T20:26:48Z
Aa2sqUhIn-E,15. Single-Source Shortest Paths Problem,27,PLUl4u3cNGP61Oq3tWYp6V_F-5jb5L2iHb,PT53M15S,163485,2013-01-14T20:26:48Z
2E7MmKv0Y24,16. Dijkstra,27,PLUl4u3cNGP61Oq3tWYp6V_F-5jb5L2iHb,PT51M26S,205704,2013-01-14T20:26:48Z
ozsuci5pIso,17. Bellman-Ford,27,PLUl4u3cNGP61Oq3tWYp6V_F-5jb5L2iHb,PT48M51S,134012,2013-01-14T20:26:39Z
CHvQ3q_gJ7E,18. Speeding up Dijkstra,27,PLUl4u3cNGP61Oq3tWYp6V_F-5jb5L2iHb,PT53M16S,70221,2013-01-14T20:26:48Z
OQ5jsbhAv_M,"19. Dynamic Programming I: Fibonacci, Shortest Paths",27,PLUl4u3cNGP61Oq3tWYp6V_F-5jb5L2iHb,PT51M47S,1360838,2013-01-14T20:26:48Z
ENyox7kNKeY,"20. Dynamic Programming II: Text Justification, Blackjack",27,PLUl4u3cNGP61Oq3tWYp6V_F-5jb5L2iHb,PT52M12S,343950,2013-01-14T20:26:39Z
ocZMDMZwhCY,"21. DP III: Parenthesization, Edit Distance, Knapsack",27,PLUl4u3cNGP61Oq3tWYp6V_F-5jb5L2iHb,PT52M41S,222525,2013-01-14T20:26:39Z
tp4_UXaVyx8,"22. DP IV: Guitar Fingering, Tetris, Super Mario Bros.",27,PLUl4u3cNGP61Oq3tWYp6V_F-5jb5L2iHb,PT49M20S,110408,2013-01-14T20:26:39Z
moPtwq_cVH8,23. Computational Complexity,27,PLUl4u3cNGP61Oq3tWYp6V_F-5jb5L2iHb,PT51M12S,380224,2013-01-14T20:26:48Z
dU40AvBURDQ,24. Topics in Algorithms Research,27,PLUl4u3cNGP61Oq3tWYp6V_F-5jb5L2iHb,PT46M46S,53160,2013-01-14T20:26:48Z
P7frcB_-g4w,"R1. Asymptotic Complexity, Peak Finding",27,PLUl4u3cNGP61Oq3tWYp6V_F-5jb5L2iHb,PT53M50S,111193,2013-01-14T20:26:38Z
QFcyt8fgQMU,"R2. Python Cost Model, Document Distance",27,PLUl4u3cNGP61Oq3tWYp6V_F-5jb5L2iHb,PT52M21S,45743,2013-01-14T20:26:38Z
4iXLnF3hExw,"R3. Document Distance, Insertion and Merge Sort",27,PLUl4u3cNGP61Oq3tWYp6V_F-5jb5L2iHb,PT54M10S,31479,2013-01-14T20:26:38Z
r5pXu1PAUkI,"R5. Recursion Trees, Binary Search Trees",27,PLUl4u3cNGP61Oq3tWYp6V_F-5jb5L2iHb,PT59M16S,77778,2013-01-14T20:26:38Z
IWzYoXKaRIc,R6. AVL Trees,27,PLUl4u3cNGP61Oq3tWYp6V_F-5jb5L2iHb,PT53M28S,65898,2013-01-14T20:26:38Z
9bkvws_vqLU,"R7. Comparison Sort, Counting and Radix Sort",27,PLUl4u3cNGP61Oq3tWYp6V_F-5jb5L2iHb,PT51M9S,32752,2013-01-14T20:26:38Z
eGSXsaJ-BlY,R8. Simulation Algorithms,27,PLUl4u3cNGP61Oq3tWYp6V_F-5jb5L2iHb,PT55M39S,20284,2013-01-14T20:26:38Z
w6nuXg0BISo,"R9. Rolling Hashes, Amortized Analysis",27,PLUl4u3cNGP61Oq3tWYp6V_F-5jb5L2iHb,PT1H1M1S,23692,2013-01-14T20:26:38Z
#NAME?,Recitation 9b: DNA Sequence Matching,27,PLUl4u3cNGP61Oq3tWYp6V_F-5jb5L2iHb,PT57M28S,17849,2013-01-14T20:26:39Z
#NAME?,R10. Quiz 1 Review,27,PLUl4u3cNGP61Oq3tWYp6V_F-5jb5L2iHb,PT54M49S,14971,2013-01-14T20:26:38Z
a_otxyu0mSQ,R11. Principles of Algorithm Design,27,PLUl4u3cNGP61Oq3tWYp6V_F-5jb5L2iHb,PT58M26S,48012,2013-01-14T20:26:38Z
JRgIXyEPnbA,"R12. Karatsuba Multiplication, Newton's Method",27,PLUl4u3cNGP61Oq3tWYp6V_F-5jb5L2iHb,PT53M8S,18195,2013-01-14T20:26:38Z
5JxShDZ_ylo,R13. Breadth-First Search (BFS),27,PLUl4u3cNGP61Oq3tWYp6V_F-5jb5L2iHb,PT54M53S,25489,2013-01-14T20:26:38Z
C5SPsY72_CM,R14. Depth-First Search (DFS),27,PLUl4u3cNGP61Oq3tWYp6V_F-5jb5L2iHb,PT53M39S,22333,2013-01-14T20:26:38Z
mQSp6VmfakA,R15. Shortest Paths,27,PLUl4u3cNGP61Oq3tWYp6V_F-5jb5L2iHb,PT56M31S,19333,2013-01-14T20:26:39Z
oRpERQA4Vik,"R16. Rubik's Cube, StarCraft Zero",27,PLUl4u3cNGP61Oq3tWYp6V_F-5jb5L2iHb,PT54M35S,24593,2013-01-14T20:26:39Z
sPuazUPiV1k,R18. Quiz 2 Review,27,PLUl4u3cNGP61Oq3tWYp6V_F-5jb5L2iHb,PT1H5M30S,12016,2013-01-14T20:26:38Z
IFrvgSvZA0I,"R19. Dynamic Programming: Crazy Eights, Shortest Path",27,PLUl4u3cNGP61Oq3tWYp6V_F-5jb5L2iHb,PT52M47S,28389,2013-01-14T20:26:39Z
jZbkToeNK2g,R20. Dynamic Programming: Blackjack,27,PLUl4u3cNGP61Oq3tWYp6V_F-5jb5L2iHb,PT52M58S,22349,2013-01-14T20:26:38Z
PptQgy89cN8,R22. Dynamic Programming: Dance Dance Revolution,27,PLUl4u3cNGP61Oq3tWYp6V_F-5jb5L2iHb,PT53M16S,19196,2013-01-14T20:26:38Z
wFP5VHGHFdk,R21. Dynamic Programming: Knapsack Problem,27,PLUl4u3cNGP61Oq3tWYp6V_F-5jb5L2iHb,PT1H9M12S,155206,2013-01-14T20:26:39Z
t5Wxk96QjUk,R23. Computational Complexity,27,PLUl4u3cNGP61Oq3tWYp6V_F-5jb5L2iHb,PT47M13S,31071,2013-01-14T20:26:39Z
hkAONP0aC9w,R24. Final Exam Review,27,PLUl4u3cNGP61Oq3tWYp6V_F-5jb5L2iHb,PT51M44S,27289,2013-01-14T20:26:39Z
nykOeWgQcHM,1. What is Computation?,27,PLUl4u3cNGP63WbdFxL8giv4yhgdMGaZNA,PT43M6S,217495,2019-07-31T15:15:20Z
Y6J8I056Ffw,Shell vs. Editor,27,PLUl4u3cNGP63WbdFxL8giv4yhgdMGaZNA,PT1M20S,102605,2017-02-15T14:26:28Z
F-_PKUUM-qY,Python vs. Math,27,PLUl4u3cNGP63WbdFxL8giv4yhgdMGaZNA,PT1M37S,93091,2017-02-15T14:25:51Z
EFCdr_43qmU,Bindings,27,PLUl4u3cNGP63WbdFxL8giv4yhgdMGaZNA,PT1M40S,65957,2017-02-15T14:26:26Z
0jljZRnHwOI,2. Branching and Iteration,27,PLUl4u3cNGP63WbdFxL8giv4yhgdMGaZNA,PT43M31S,209533,2017-02-15T14:25:50Z
w4uxYDPsjbw,Strings,27,PLUl4u3cNGP63WbdFxL8giv4yhgdMGaZNA,PT53S,37209,2017-02-15T14:25:49Z
lniF6ys2CIk,Comparisons,27,PLUl4u3cNGP63WbdFxL8giv4yhgdMGaZNA,PT1M23S,30980,2017-02-15T14:25:51Z
jjbWNcIjmzc,Branching,27,PLUl4u3cNGP63WbdFxL8giv4yhgdMGaZNA,PT1M6S,29886,2017-02-15T14:25:50Z
P-0w8xWcnDQ,While Loops,27,PLUl4u3cNGP63WbdFxL8giv4yhgdMGaZNA,PT1M51S,35235,2017-02-15T14:25:49Z
mrvBnZIEsZY,For Loops,27,PLUl4u3cNGP63WbdFxL8giv4yhgdMGaZNA,PT1M55S,33146,2017-02-15T14:25:53Z
SE4P7IVCunE,"3. String Manipulation, Guess and Check, Approximations, Bisection",27,PLUl4u3cNGP63WbdFxL8giv4yhgdMGaZNA,PT45M2S,138466,2017-02-15T14:25:51Z
#NAME?,String Manipulations,27,PLUl4u3cNGP63WbdFxL8giv4yhgdMGaZNA,PT3M5S,22763,2017-02-15T14:26:27Z
4WtaFLayz_w,For Loops With Strings,27,PLUl4u3cNGP63WbdFxL8giv4yhgdMGaZNA,PT4M19S,24179,2017-02-15T14:25:58Z
MjbuarJ7SE0,"4. Decomposition, Abstraction, and Functions",27,PLUl4u3cNGP63WbdFxL8giv4yhgdMGaZNA,PT41M9S,89860,2017-02-15T14:25:50Z
4gPwo38MNss,Function Calls,27,PLUl4u3cNGP63WbdFxL8giv4yhgdMGaZNA,PT2M35S,24041,2017-02-15T14:26:27Z
QaOHeMnpnmU,Functions as Arguments,27,PLUl4u3cNGP63WbdFxL8giv4yhgdMGaZNA,PT3M33S,22016,2017-02-15T14:26:00Z
RvRKT-jXvko,"5. Tuples, Lists, Aliasing, Mutability, and Cloning",27,PLUl4u3cNGP63WbdFxL8giv4yhgdMGaZNA,PT41M28S,91579,2017-02-15T14:25:55Z
ncpb4wIsQu8,Tuples,27,PLUl4u3cNGP63WbdFxL8giv4yhgdMGaZNA,PT3M29S,22224,2017-02-15T14:25:49Z
zYVWQpCitKQ,Simple Lists,27,PLUl4u3cNGP63WbdFxL8giv4yhgdMGaZNA,PT2M49S,12938,2017-02-15T14:25:57Z
SrkqbLOQcEo,List Operations,27,PLUl4u3cNGP63WbdFxL8giv4yhgdMGaZNA,PT3M6S,12758,2017-02-15T14:25:53Z
FKp-6sojt9A,List Aliasing/Mutation,27,PLUl4u3cNGP63WbdFxL8giv4yhgdMGaZNA,PT1M55S,13295,2017-02-15T14:26:01Z
WPSeyjX1-4s,6. Recursion and Dictionaries,27,PLUl4u3cNGP63WbdFxL8giv4yhgdMGaZNA,PT48M22S,148626,2017-02-15T14:26:26Z
9H6muyZjms0,"7. Testing, Debugging, Exceptions, and Assertions",27,PLUl4u3cNGP63WbdFxL8giv4yhgdMGaZNA,PT41M33S,71262,2017-02-15T14:25:48Z
5McjE8e5gIg,Black Box and Glass Box Testing,27,PLUl4u3cNGP63WbdFxL8giv4yhgdMGaZNA,PT2M4S,15503,2017-02-15T14:25:56Z
#NAME?,Errors,27,PLUl4u3cNGP63WbdFxL8giv4yhgdMGaZNA,PT1M16S,9867,2017-02-15T14:26:27Z
0Whyfs88TYE,Exceptions,27,PLUl4u3cNGP63WbdFxL8giv4yhgdMGaZNA,PT2M41S,10277,2017-02-15T14:25:52Z
#NAME?,8. Object Oriented Programming,27,PLUl4u3cNGP63WbdFxL8giv4yhgdMGaZNA,PT41M44S,273670,2017-02-15T14:25:51Z
vqn_yk5aFcI,Class Definition,27,PLUl4u3cNGP63WbdFxL8giv4yhgdMGaZNA,PT50S,16254,2017-02-15T14:25:50Z
2__KumJsGXc,Class Instance,27,PLUl4u3cNGP63WbdFxL8giv4yhgdMGaZNA,PT2M21S,14717,2017-02-15T14:26:26Z
goalLDamePE,Methods,27,PLUl4u3cNGP63WbdFxL8giv4yhgdMGaZNA,PT1M26S,10674,2017-02-15T14:25:52Z
_ax4eNMI9Dw,Method Call,27,PLUl4u3cNGP63WbdFxL8giv4yhgdMGaZNA,PT1M47S,11356,2017-02-15T14:25:48Z
qq7I2MQNrtU,Special Methods,27,PLUl4u3cNGP63WbdFxL8giv4yhgdMGaZNA,PT2M12S,10945,2017-02-15T14:25:49Z
FlGjISF3l78,9. Python Classes and Inheritance,27,PLUl4u3cNGP63WbdFxL8giv4yhgdMGaZNA,PT47M28S,89012,2017-02-15T14:26:02Z
C_pgH5QhIZ8,Getters and Setters,27,PLUl4u3cNGP63WbdFxL8giv4yhgdMGaZNA,PT1M45S,16976,2017-02-15T14:25:48Z
8s0d87sjy1A,Subclass,27,PLUl4u3cNGP63WbdFxL8giv4yhgdMGaZNA,PT2M46S,11321,2017-02-15T14:25:49Z
o9nW0uBqvEo,"10. Understanding Program Efficiency, Part 1",27,PLUl4u3cNGP63WbdFxL8giv4yhgdMGaZNA,PT51M26S,98487,2017-02-15T14:25:52Z
7lQXYl_L28w,"11. Understanding Program Efficiency, Part 2",27,PLUl4u3cNGP63WbdFxL8giv4yhgdMGaZNA,PT49M13S,47753,2017-02-15T14:26:27Z
6LOwPhPDwVc,12. Searching and Sorting,27,PLUl4u3cNGP63WbdFxL8giv4yhgdMGaZNA,PT48M32S,67857,2017-02-15T14:25:52Z
ZLbt_1bI_NA,Getting Started: Q&A,27,PLUl4u3cNGP60ZaGv5SgpIk67YnH1WqCLI,PT5M23S,24579,2017-10-13T19:08:15Z
s7i_Dpz-DLU,Getting Started: Introducing Introductions,27,PLUl4u3cNGP60ZaGv5SgpIk67YnH1WqCLI,PT3M47S,5050,2017-10-13T19:08:12Z
H6y0szqtRKo,Getting Started: Icebreaker,27,PLUl4u3cNGP60ZaGv5SgpIk67YnH1WqCLI,PT4M1S,4391,2017-10-13T19:09:56Z
lKX4aGOzNvo,Guided Tutorial: Introduction to Unity,27,PLUl4u3cNGP60ZaGv5SgpIk67YnH1WqCLI,PT5M16S,3982,2017-10-13T19:07:23Z
a4snWHyNTJ4,Guided Tutorial: Purpose and Overview,27,PLUl4u3cNGP60ZaGv5SgpIk67YnH1WqCLI,PT4M28S,1503,2017-10-13T19:08:14Z
zNesxH6wiAg,Collaboration: Ideation and Brainstorming,27,PLUl4u3cNGP60ZaGv5SgpIk67YnH1WqCLI,PT28M49S,1589,2017-10-13T19:07:25Z
_ZVnrpjI_VU,Collaboration: Introduction to Git/Github,27,PLUl4u3cNGP60ZaGv5SgpIk67YnH1WqCLI,PT20M13S,2389,2017-10-13T19:08:15Z
h9btrlN9JLk,Collaboration: Red Ball during Class,27,PLUl4u3cNGP60ZaGv5SgpIk67YnH1WqCLI,PT59S,1417,2017-10-13T19:08:13Z
JJRijRD4l-g,Expanding on Tutorials: Kinect Demo,27,PLUl4u3cNGP60ZaGv5SgpIk67YnH1WqCLI,PT8M19S,4910,2017-10-13T19:07:26Z
Zqi2n4oZgvk,Expanding on Tutorials,27,PLUl4u3cNGP60ZaGv5SgpIk67YnH1WqCLI,PT4M11S,441,2017-10-13T19:07:24Z
R8WOnNX8v9E,Expanding on Tutorials: Humans Matter and Class Details,27,PLUl4u3cNGP60ZaGv5SgpIk67YnH1WqCLI,PT7M50S,526,2017-10-13T19:08:16Z
4DmYVsqRbPg,Short Project: Introduction,27,PLUl4u3cNGP60ZaGv5SgpIk67YnH1WqCLI,PT1M18S,1420,2017-10-13T19:09:57Z
5wbD-zChZsU,Short Project: Antisocial,27,PLUl4u3cNGP60ZaGv5SgpIk67YnH1WqCLI,PT2M28S,3191,2017-10-13T19:09:57Z
9NChLq-orAk,Short Project: Bodypaint,27,PLUl4u3cNGP60ZaGv5SgpIk67YnH1WqCLI,PT1M58S,673,2017-10-13T19:07:24Z
xfbzRPUagPY,Short Project: Goshzilla,27,PLUl4u3cNGP60ZaGv5SgpIk67YnH1WqCLI,PT2M31S,837,2017-10-13T19:07:26Z
jXtqyQuLlnk,Short Project: Cube Constructor,27,PLUl4u3cNGP60ZaGv5SgpIk67YnH1WqCLI,PT3M9S,1192,2017-10-13T19:08:13Z
EIWhCCjSkPU,Short Project: Car Racing,27,PLUl4u3cNGP60ZaGv5SgpIk67YnH1WqCLI,PT5M12S,1279,2017-10-13T19:07:22Z
7a4NYOOSVfI,Short Project: Downhill Skiing,27,PLUl4u3cNGP60ZaGv5SgpIk67YnH1WqCLI,PT2M21S,1247,2017-10-13T19:09:56Z
gBD44yITfrw,Long Project: Introduction,27,PLUl4u3cNGP60ZaGv5SgpIk67YnH1WqCLI,PT5M23S,440,2017-10-13T19:07:25Z
GUgYT7GxUGA,Long Project: Cats Cradle,27,PLUl4u3cNGP60ZaGv5SgpIk67YnH1WqCLI,PT11M49S,1222,2017-10-13T19:09:56Z
Ksl0Vp4jhmA,Long Project: Cube Constructor,27,PLUl4u3cNGP60ZaGv5SgpIk67YnH1WqCLI,PT11M37S,1093,2017-10-13T19:09:55Z
gDpkinitSRM,Long Project: Desert Racing,27,PLUl4u3cNGP60ZaGv5SgpIk67YnH1WqCLI,PT7M15S,1197,2017-10-13T19:08:14Z
apbCAHH7Ml4,Long Project: Multiple Mini-games,27,PLUl4u3cNGP60ZaGv5SgpIk67YnH1WqCLI,PT5M56S,673,2017-10-13T19:08:14Z
rNfMwqjohC8,Long Project: Blackout Tetris,27,PLUl4u3cNGP60ZaGv5SgpIk67YnH1WqCLI,PT12M31S,877,2017-10-13T19:07:26Z
N4GOV3kzbdo,Long Project: Zoo Escape,27,PLUl4u3cNGP60ZaGv5SgpIk67YnH1WqCLI,PT13M19S,1387,2017-10-13T19:07:27Z
TnpCMgtDPgk,Alternative Approaches to Molecular Biology | MIT 7.01SC Fundamentals of Biology,27,PLF83B8D8C87426E44,PT35M2S,264382,2012-05-09T17:47:42Z
1eGsdK1fPLM,"Macromolecules: Lipids, Carbohydrates, Nucleic Acid, Excerpt 1 | MIT 7.01SC Fundamentals of Biology",27,PLF83B8D8C87426E44,PT35M26S,107769,2012-05-09T17:47:42Z
BIIWlZqWxKg,Constructing and Screening a Recombinant DNA Library | MIT 7.01SC Fundamentals of Biology,27,PLF83B8D8C87426E44,PT19M12S,105862,2012-05-09T17:47:42Z
QTb6YsxMbBY,"Agarose Gel Electrophoresis, DNA Sequencing, PCR, Excerpt 2 | MIT 7.01SC Fundamentals of Biology",27,PLF83B8D8C87426E44,PT42M27S,122467,2012-05-09T17:47:43Z
YnF1b_Kqf88,"Agarose Gel Electrophoresis, DNA Sequencing, PCR, Excerpt 1 | MIT 7.01SC Fundamentals of Biology",27,PLF83B8D8C87426E44,PT17M47S,236668,2012-05-09T17:47:43Z
zQfcPQpKZUk,cDNA Libraries and Expression Libraries | MIT 7.01SC Fundamentals of Biology,27,PLF83B8D8C87426E44,PT13M31S,85261,2012-05-09T17:47:43Z
0ZxeQqtAVl0,"Glycolysis, Respiration, and Fermentation | MIT 7.01SC Fundamentals of Biology",27,PLF83B8D8C87426E44,PT42M7S,45597,2012-05-09T17:47:43Z
dt4sSAb-7cE,"Proteins, levels of Structure, Non-covalent Forces, excerpt 2 | MIT 7.01SC Fundamentals of Biology",27,PLF83B8D8C87426E44,PT30M16S,21928,2015-02-19T21:51:51Z
SxaoWJ2gkzc,Photosynthesis | MIT 7.01SC Fundamentals of Biology,27,PLF83B8D8C87426E44,PT17M3S,28823,2012-05-09T17:47:44Z
htYyCEdc8B4,Overview of Recombinant DNA | MIT 7.01SC Fundamentals of Biology,27,PLF83B8D8C87426E44,PT22M18S,35847,2012-05-09T17:47:44Z
pJDHi91yAaE,"Covalent Bonds, Hydrogen Bonds | MIT 7.01SC Fundamentals of Biology",27,PLF83B8D8C87426E44,PT22M24S,34537,2012-05-09T17:47:44Z
OBloWTHFPZc,"Biochemical Reactions, Enzymes, and ATP | MIT 7.01SC Fundamentals of Biology",27,PLF83B8D8C87426E44,PT43M36S,31770,2012-05-09T17:47:44Z
ojrj-UVh9N4,"Macromolecules: Lipids, Carbohydrates, Nucleic Acid, Excerpt 2 | MIT 7.01SC Fundamentals of Biology",27,PLF83B8D8C87426E44,PT25M30S,21484,2012-05-09T17:47:45Z
tMr9XH64rtM,"Transcription and Translation, excerpt 1 | MIT 7.01SC Fundamentals of Biology",27,PLF83B8D8C87426E44,PT8M,203060,2012-05-09T17:47:45Z
uBRdfsz_YB4,"Transcription and Translation, excerpt 2 | MIT 7.01SC Fundamentals of Biology",27,PLF83B8D8C87426E44,PT15M28S,124369,2012-05-09T17:47:45Z
zLGHH9Rwvlw,"Types of Organisms, Cell Composition, excerpt 2 | MIT 7.01SC Fundamentals of Biology",27,PLF83B8D8C87426E44,PT2M28S,22369,2012-05-09T17:47:45Z
3edzxv_mYZk,"Proteins, Levels of Structure, Non-Covalent Forces, Excerpt 1 | MIT 7.01SC Fundamentals of Biology",27,PLF83B8D8C87426E44,PT18M56S,22288,2012-05-09T17:47:46Z
DRBREvFL19g,DNA Replication | MIT 7.01SC Fundamentals of Biology,27,PLF83B8D8C87426E44,PT33M43S,518138,2012-05-09T17:47:46Z
CdAgzk5tQhs,"Basic Mechanisms of Cloning, excerpt 1 | MIT 7.01SC Fundamentals of Biology",27,PLF83B8D8C87426E44,PT13M20S,147918,2012-05-09T17:47:46Z
uDXH6Uu0ghc,"Overview of Recombinant DNA, excerpt 1 | MIT 7.01SC Fundamentals of Biology",27,PLF83B8D8C87426E44,PT8M58S,66255,2012-05-09T17:47:46Z
P-Ry4rRdDbk,"DNA Structure and Classic experiments, excerpt 1 | MIT 7.01SC Fundamentals of Biology",27,PLF83B8D8C87426E44,PT46M59S,179579,2012-05-09T17:47:46Z
PzY0MWEEE6U,"Types of Organisms, Cell Composition, excerpt 1 | MIT 7.01SC Fundamentals of Biology",27,PLF83B8D8C87426E44,PT16M51S,70844,2012-05-09T17:47:47Z
YCeKtM6Hnmc,"DNA Structure and Classic experiments, excerpt 2 | MIT 7.01SC Fundamentals of Biology",27,PLF83B8D8C87426E44,PT7M,30749,2012-05-09T17:47:47Z
o_1dTvszV4Y,"Linkage and Recombination, Genetic maps | MIT 7.01SC Fundamentals of Biology",27,PLF83B8D8C87426E44,PT38M55S,208416,2012-05-09T17:47:47Z
reYwbnuhFU0,"Basic Mechanisms of Cloning, excerpt 2 | MIT 7.01SC Fundamentals of Biology",27,PLF83B8D8C87426E44,PT13M2S,76603,2012-05-09T17:47:48Z
9dHBTckFvME,"Mendel's Laws, excerpt 1 | MIT 7.01SC Fundamentals of Biology",27,PLF83B8D8C87426E44,PT23M20S,59535,2012-05-09T17:47:48Z
CT9lYy6qSfg,"Mendel's Laws, excerpt 2 | MIT 7.01SC Fundamentals of Biology",27,PLF83B8D8C87426E44,PT17M43S,25020,2012-05-09T17:47:48Z
sAD1Xr3-rmI,"Basic Mechanisms of Cloning, excerpt 3 | MIT 7.01SC Fundamentals of Biology",27,PLF83B8D8C87426E44,PT14M10S,54748,2012-05-09T17:47:49Z
K5n0BMKZR_Q,Transformation and Protein Expression | MIT 7.01SC Fundamentals of Biology,27,PLF83B8D8C87426E44,PT7M30S,41375,2012-05-09T17:47:49Z
nCBTC3-xsLM,Covalent Bonds | MIT 7.01SC Fundamentals of Biology,27,PLF83B8D8C87426E44,PT5M52S,11700,2012-05-09T17:47:49Z
qY0ixUWJx0g,Pedigrees | MIT 7.01SC Fundamentals of Biology,27,PLF83B8D8C87426E44,PT11M53S,137713,2012-05-09T17:47:49Z
uERjKWXO4NQ,Complementation | MIT 7.01SC Fundamentals of Biology,27,PLF83B8D8C87426E44,PT3M21S,45353,2012-05-09T17:47:49Z
x_vlxGFrZLY,Transcription & Translation | MIT 7.01SC Fundamentals of Biology,27,PLF83B8D8C87426E44,PT9M43S,113842,2012-05-09T17:47:50Z
2TL8rY9Rc_A,Lac operon | MIT 7.01SC Fundamentals of Biology,27,PLF83B8D8C87426E44,PT5M24S,50332,2012-05-09T17:47:50Z
LvLbaVW84nE,Complementation (Part II) | MIT 7.01SC Fundamentals of Biology,27,PLF83B8D8C87426E44,PT4M34S,58885,2012-05-09T17:47:50Z
MqNq9S1_Ct8,"Lipids, Carbohydrates, and Nucleic Acids Practice Problem | MIT 7.01SC Fundamentals of Biology",27,PLF83B8D8C87426E44,PT8M33S,10510,2012-05-09T17:47:50Z
OK7_ReXhVaQ,Polymerase Chain Reaction (PCR) | MIT 7.01SC Fundamentals of Biology,27,PLF83B8D8C87426E44,PT8M35S,282565,2012-05-09T17:47:51Z
Rn9zldxtZko,"Explanation of 5' and 3', C terminus, and N terminus | MIT 7.01SC Fundamentals of Biology",27,PLF83B8D8C87426E44,PT2M9S,83550,2012-05-09T17:47:51Z
SvjeCxVu2dI,Genomic and cDNA Libraries | MIT 7.01SC Fundamentals of Biology,27,PLF83B8D8C87426E44,PT4M9S,90382,2012-05-09T17:47:51Z
C1lhuz6pZC0,"1. Introduction, Optimization Problems (MIT 6.0002 Intro to Computational Thinking and Data Science)",27,PLUl4u3cNGP619EG1wp0kT-7rDE_Az5TNd,PT40M57S,219664,2017-05-19T15:55:26Z
uK5yvoXnkSk,2. Optimization Problems,27,PLUl4u3cNGP619EG1wp0kT-7rDE_Az5TNd,PT48M4S,92486,2017-05-19T14:22:39Z
V_TulH374hw,3. Graph-theoretic Models,27,PLUl4u3cNGP619EG1wp0kT-7rDE_Az5TNd,PT50M11S,50657,2017-05-19T14:22:40Z
-1BnXEwHUok,4. Stochastic Thinking,27,PLUl4u3cNGP619EG1wp0kT-7rDE_Az5TNd,PT49M50S,66175,2017-05-19T14:22:39Z
6wUD_gp5WeE,5. Random Walks,27,PLUl4u3cNGP619EG1wp0kT-7rDE_Az5TNd,PT49M21S,73523,2017-05-19T14:22:41Z
OgO1gpXSUzU,6. Monte Carlo Simulation,27,PLUl4u3cNGP619EG1wp0kT-7rDE_Az5TNd,PT50M5S,694012,2017-05-19T14:22:39Z
rUxP7TM8-wo,7. Confidence Intervals,27,PLUl4u3cNGP619EG1wp0kT-7rDE_Az5TNd,PT50M29S,59938,2017-05-19T14:22:40Z
soZv_KKax3E,8. Sampling and Standard Error,27,PLUl4u3cNGP619EG1wp0kT-7rDE_Az5TNd,PT46M45S,28217,2017-05-19T14:22:38Z
vIFKGFl1Cn8,9. Understanding Experimental Data,27,PLUl4u3cNGP619EG1wp0kT-7rDE_Az5TNd,PT47M6S,24144,2017-05-19T14:22:38Z
fQvg-hh9dUw,10. Understanding Experimental Data (cont.),27,PLUl4u3cNGP619EG1wp0kT-7rDE_Az5TNd,PT50M33S,16697,2017-05-19T14:22:41Z
h0e2HAPTGF4,11. Introduction to Machine Learning,27,PLUl4u3cNGP619EG1wp0kT-7rDE_Az5TNd,PT51M31S,732625,2017-05-19T14:22:40Z
esmzYhuFnds,12. Clustering,27,PLUl4u3cNGP619EG1wp0kT-7rDE_Az5TNd,PT50M40S,128388,2017-05-19T14:22:41Z
eg8DJYwdMyg,13. Classification,27,PLUl4u3cNGP619EG1wp0kT-7rDE_Az5TNd,PT49M54S,63233,2017-05-19T14:22:40Z
K2SC-WPdT6k,14. Classification and Statistical Sins,27,PLUl4u3cNGP619EG1wp0kT-7rDE_Az5TNd,PT49M25S,24355,2017-05-19T14:22:39Z
iOZVbILaIZc,15. Statistical Sins and Wrap Up,27,PLUl4u3cNGP619EG1wp0kT-7rDE_Az5TNd,PT44M43S,16199,2017-05-19T14:22:38Z
lZ3bPUKo5zc,1. Introduction to Superposition,27,PLUl4u3cNGP61-9PEhRognw5vryrSEVLPr,PT1H16M7S,1766842,2014-06-18T18:53:01Z
U6fI3brP8V4,2. Experimental Facts of Life,27,PLUl4u3cNGP61-9PEhRognw5vryrSEVLPr,PT1H20M12S,417552,2016-05-10T18:51:59Z
Ei8CFin00PY,3. The Wave Function,27,PLUl4u3cNGP61-9PEhRognw5vryrSEVLPr,PT1H17M55S,527514,2014-06-18T18:51:22Z
NN2txluv1PY,"4. Expectations, Momentum, and Uncertainty",27,PLUl4u3cNGP61-9PEhRognw5vryrSEVLPr,PT1H20M7S,273322,2014-06-18T18:51:12Z
lMFgfqRZYoc,5. Operators and the Schrӧdinger Equation,27,PLUl4u3cNGP61-9PEhRognw5vryrSEVLPr,PT1H23M14S,303061,2014-06-18T18:50:51Z
TWpyhsPAK14,6. Time Evolution and the Schrödinger Equation,27,PLUl4u3cNGP61-9PEhRognw5vryrSEVLPr,PT1H22M19S,245787,2014-06-18T18:50:41Z
Uk5DUtHY7LM,7. More on Energy Eigenstates,27,PLUl4u3cNGP61-9PEhRognw5vryrSEVLPr,PT1H15M54S,123745,2014-06-18T18:50:31Z
qu-jyrwW6hw,8. Quantum Harmonic Oscillator Part I,27,PLUl4u3cNGP61-9PEhRognw5vryrSEVLPr,PT1H21M,176592,2014-06-18T18:50:15Z
jJX_1zT73U0,9. Operator Methods for the Harmonic Oscillator,27,PLUl4u3cNGP61-9PEhRognw5vryrSEVLPr,PT1H17M54S,95934,2014-06-18T18:50:05Z
VSqpYPgxcps,10. Clicker Bonanza and Dirac Notation,27,PLUl4u3cNGP61-9PEhRognw5vryrSEVLPr,PT1H21M32S,57937,2014-06-18T18:49:55Z
iZKAtzK5WXM,11. Dispersion of the Gaussian and the Finite Well,27,PLUl4u3cNGP61-9PEhRognw5vryrSEVLPr,PT1H21M5S,62174,2014-06-18T18:49:45Z
lHhw_SExF1M,12. The Dirac Well and Scattering off the Finite Step,27,PLUl4u3cNGP61-9PEhRognw5vryrSEVLPr,PT1H23M48S,60164,2014-06-18T18:49:33Z
SsCeVABM4Mo,13. Scattering Take 2,27,PLUl4u3cNGP61-9PEhRognw5vryrSEVLPr,PT1H22M35S,48269,2014-06-18T18:49:16Z
cFPnLqEms5k,14. Resonance and the S-Matrix,27,PLUl4u3cNGP61-9PEhRognw5vryrSEVLPr,PT1H23M56S,55912,2014-06-30T17:03:44Z
H5m39G-FAwE,15. Eigenstates of the Angular Momentum,27,PLUl4u3cNGP61-9PEhRognw5vryrSEVLPr,PT1H24M42S,58378,2014-06-18T18:48:55Z
R4LyPVfGWtI,16. Eigenstates of the Angular Momentum II,27,PLUl4u3cNGP61-9PEhRognw5vryrSEVLPr,PT1H20M38S,41077,2014-06-18T18:48:45Z
mLe8YCnUed4,17. Central Potentials Take 2,27,PLUl4u3cNGP61-9PEhRognw5vryrSEVLPr,PT1H20M42S,35961,2014-06-18T18:48:35Z
G5_u6k9LR3E,"18. ""Hydrogen"" and its Discontents",27,PLUl4u3cNGP61-9PEhRognw5vryrSEVLPr,PT1H20M7S,38784,2014-06-18T18:48:24Z
9lX2FENOe4o,19. Identical Particles,27,PLUl4u3cNGP61-9PEhRognw5vryrSEVLPr,PT1H23M1S,41389,2014-06-18T18:48:05Z
gK_D6RkbMy8,20. Periodic Lattices Part 1,27,PLUl4u3cNGP61-9PEhRognw5vryrSEVLPr,PT1H24M20S,47141,2014-06-18T18:47:55Z
SZlnoxak4xM,21. Periodic Lattices Part 2,27,PLUl4u3cNGP61-9PEhRognw5vryrSEVLPr,PT1H22M21S,25255,2014-06-18T18:47:43Z
Oq4OHT4hhJc,"22. Metals, Insulators, and Semiconductors",27,PLUl4u3cNGP61-9PEhRognw5vryrSEVLPr,PT1H26M35S,82830,2014-06-18T18:47:34Z
Rc1vFAUnRUM,23. More on Spin,27,PLUl4u3cNGP61-9PEhRognw5vryrSEVLPr,PT1H22M10S,36992,2014-06-18T18:47:23Z
awpnsGl08bc,"24. Entanglement — QComputing, EPR, and Bell",27,PLUl4u3cNGP61-9PEhRognw5vryrSEVLPr,PT1H22M45S,79272,2014-06-18T18:47:13Z
ytewCHh00mk,Experiment 2: Effective Mass,27,PLUl4u3cNGP61-9PEhRognw5vryrSEVLPr,PT2M14S,23294,2014-06-18T18:46:20Z
fNk_zzaMoSs,"Vectors, what even are they? | Essence of linear algebra, chapter 1",27,PLZHQObOWTQDPD3MizzM2xVFitgF8hE_ab,PT9M52S,3073914,2016-08-06T00:05:49Z
k7RM-ot2NWY,"Linear combinations, span, and basis vectors | Essence of linear algebra, chapter 2",27,PLZHQObOWTQDPD3MizzM2xVFitgF8hE_ab,PT9M59S,1989366,2016-08-06T23:49:28Z
kYB8IZa5AuE,"Linear transformations and matrices | Essence of linear algebra, chapter 3",27,PLZHQObOWTQDPD3MizzM2xVFitgF8hE_ab,PT10M59S,1937770,2016-08-07T21:39:19Z
XkY2DOUCWMU,"Matrix multiplication as composition | Essence of linear algebra, chapter 4",27,PLZHQObOWTQDPD3MizzM2xVFitgF8hE_ab,PT10M4S,1269271,2016-08-08T22:20:43Z
rHLEWRxRGiM,"Three-dimensional linear transformations | Essence of linear algebra, chapter 5",27,PLZHQObOWTQDPD3MizzM2xVFitgF8hE_ab,PT4M46S,779251,2016-08-09T22:01:39Z
Ip3X9LOh2dk,"The determinant | Essence of linear algebra, chapter 6",27,PLZHQObOWTQDPD3MizzM2xVFitgF8hE_ab,PT10M3S,1537547,2016-08-10T22:31:18Z
uQhTuRlWMxw,"Inverse matrices, column space and null space | Essence of linear algebra, chapter 7",27,PLZHQObOWTQDPD3MizzM2xVFitgF8hE_ab,PT12M9S,1105665,2016-08-15T22:00:22Z
v8VSDg_WQlA,"Nonsquare matrices as transformations between dimensions | Essence of linear algebra, chapter 8",27,PLZHQObOWTQDPD3MizzM2xVFitgF8hE_ab,PT4M27S,664688,2016-08-16T21:59:23Z
LyGKycYT2v0,"Dot products and duality | Essence of linear algebra, chapter 9",27,PLZHQObOWTQDPD3MizzM2xVFitgF8hE_ab,PT14M12S,964118,2016-08-24T19:20:58Z
eu6i7WJeinw,"Cross products | Essence of linear algebra, Chapter 10",27,PLZHQObOWTQDPD3MizzM2xVFitgF8hE_ab,PT8M53S,694623,2016-09-01T03:54:15Z
BaM7OCEm3G0,Cross products in the light of linear transformations | Essence of linear algebra chapter 11,27,PLZHQObOWTQDPD3MizzM2xVFitgF8hE_ab,PT13M10S,502359,2016-09-01T03:54:15Z
jBsC34PxzoM,"Cramer's rule, explained geometrically | Essence of linear algebra, chapter 12",27,PLZHQObOWTQDPD3MizzM2xVFitgF8hE_ab,PT12M12S,466973,2019-03-17T04:35:22Z
P2LTAUO1TdA,"Change of basis | Essence of linear algebra, chapter 13",27,PLZHQObOWTQDPD3MizzM2xVFitgF8hE_ab,PT12M51S,738323,2016-09-11T17:56:20Z
PFDu9oVAE-g,"Eigenvectors and eigenvalues | Essence of linear algebra, chapter 14",27,PLZHQObOWTQDPD3MizzM2xVFitgF8hE_ab,PT17M16S,1657347,2016-09-15T18:22:14Z
TgKwz5Ikpc8,"Abstract vector spaces | Essence of linear algebra, chapter 15",27,PLZHQObOWTQDPD3MizzM2xVFitgF8hE_ab,PT16M46S,603386,2016-09-24T19:29:09Z
WUvTyaaNkzM,"The Essence of Calculus, Chapter 1",27,PLZHQObOWTQDMsr9K-rj53DwVRMYO3t5Yr,PT17M5S,3212185,2017-04-28T15:58:48Z
9vKqVkMQHKk,"The paradox of the derivative | Essence of calculus, chapter 2",27,PLZHQObOWTQDMsr9K-rj53DwVRMYO3t5Yr,PT17M57S,1531212,2017-04-29T16:24:03Z
S0_qX4VJhMQ,"Derivative formulas through geometry | Essence of calculus, chapter 3",27,PLZHQObOWTQDMsr9K-rj53DwVRMYO3t5Yr,PT18M43S,1250291,2017-04-30T15:24:09Z
YG15m2VwSjA,"Visualizing the chain rule and product rule | Essence of calculus, chapter 4",27,PLZHQObOWTQDMsr9K-rj53DwVRMYO3t5Yr,PT16M52S,758517,2017-05-01T15:19:28Z
m2MIpDrF7Es,"What's so special about Euler's number e? | Essence of calculus, chapter 5",27,PLZHQObOWTQDMsr9K-rj53DwVRMYO3t5Yr,PT13M50S,1515143,2017-05-02T15:09:46Z
qb40J4N1fa4,"Implicit differentiation, what's going on here? | Essence of calculus, chapter 6",27,PLZHQObOWTQDMsr9K-rj53DwVRMYO3t5Yr,PT15M34S,828654,2017-05-03T15:38:43Z
kfF40MiS7zA,"Limits, L'Hopital's rule, and epsilon delta definitions | Essence of calculus, chapter 7",27,PLZHQObOWTQDMsr9K-rj53DwVRMYO3t5Yr,PT18M27S,748803,2017-05-04T15:05:18Z
rfG8ce4nNh0,"Integration and the fundamental theorem of calculus | Essence of calculus, chapter 8",27,PLZHQObOWTQDMsr9K-rj53DwVRMYO3t5Yr,PT20M46S,771801,2017-05-05T15:05:21Z
FnJqaIESC2s,"What does area have to do with slope? | Essence of calculus, chapter 9",27,PLZHQObOWTQDMsr9K-rj53DwVRMYO3t5Yr,PT12M39S,607607,2017-05-06T13:53:16Z
BLkz5LGWihw,"Higher order derivatives | Essence of calculus, chapter 10",27,PLZHQObOWTQDMsr9K-rj53DwVRMYO3t5Yr,PT5M39S,342133,2017-05-07T14:05:35Z
3d6DsjIBzJ4,"Taylor series | Essence of calculus, chapter 11",27,PLZHQObOWTQDMsr9K-rj53DwVRMYO3t5Yr,PT22M20S,1569943,2017-05-07T14:06:12Z
CfW845LNObM,What they won't teach you in calculus,27,PLZHQObOWTQDMsr9K-rj53DwVRMYO3t5Yr,PT16M23S,2357104,2018-05-19T14:09:16Z
aircAruvnKk,"But what is a Neural Network? | Deep learning, chapter 1",27,PLZHQObOWTQDNU6R1_67000Dx_ZCJB-3pi,PT19M13S,6962228,2017-10-05T15:11:25Z
IHZwWFHWa-w,"Gradient descent, how neural networks learn | Deep learning, chapter 2",27,PLZHQObOWTQDNU6R1_67000Dx_ZCJB-3pi,PT21M1S,2664276,2017-10-16T16:48:20Z
Ilg3gGewQ5U,"What is backpropagation really doing? | Deep learning, chapter 3",27,PLZHQObOWTQDNU6R1_67000Dx_ZCJB-3pi,PT13M54S,1798368,2017-11-03T14:03:37Z
tIeHLnjs5U8,"Backpropagation calculus | Deep learning, chapter 4",27,PLZHQObOWTQDNU6R1_67000Dx_ZCJB-3pi,PT10M18S,1093015,2017-11-03T14:08:09Z
p_di4Zn4wz4,"Differential equations, studying the unsolvable | DE1",27,PLZHQObOWTQDNPOjrT6KVlfJuKtYTftqH6,PT27M16S,1379310,2019-03-31T15:15:50Z
ly4S0oi3Yz8,But what is a partial differential equation?  | DE2,27,PLZHQObOWTQDNPOjrT6KVlfJuKtYTftqH6,PT17M39S,880498,2019-04-21T16:53:21Z
ToIXSwZ1pJU,Solving the heat equation | DE3,27,PLZHQObOWTQDNPOjrT6KVlfJuKtYTftqH6,PT14M13S,479244,2019-06-16T16:31:00Z
r6sGWTCMz2k,But what is a Fourier series? From heat flow to circle drawings | DE4,27,PLZHQObOWTQDNPOjrT6KVlfJuKtYTftqH6,PT24M47S,2820245,2019-06-30T14:50:20Z
v0YEaeIClKY,Understanding e to the i pi in 3.14 minutes | DE5,27,PLZHQObOWTQDNPOjrT6KVlfJuKtYTftqH6,PT4M8S,848544,2019-07-07T14:08:18Z
s9xSfIw83tk,"Algorithms for Big Data (COMPSCI 229r), Lecture 1",27,PL2SOU6wwxB0v1kQTpqpuu5kEJo2i-iUyf,PT1H26M5S,112638,2016-07-12T15:03:25Z
fvZ_6pvP4jc,"Algorithms for Big Data (COMPSCI 229r), Lecture 2",27,PL2SOU6wwxB0v1kQTpqpuu5kEJo2i-iUyf,PT1H23M57S,9058,2016-07-12T15:03:56Z
l-0WSRNQ2ag,"Algorithms for Big Data (COMPSCI 229r), Lecture 3",27,PL2SOU6wwxB0v1kQTpqpuu5kEJo2i-iUyf,PT1H22M13S,5231,2016-07-12T15:09:04Z
vpSJYYhbeQg,"Algorithms for Big Data (COMPSCI 229r), Lecture 4",27,PL2SOU6wwxB0v1kQTpqpuu5kEJo2i-iUyf,PT1H21M3S,2883,2016-07-12T15:10:35Z
VGrM8fbo3tM,"Algorithms for Big Data (COMPSCI 229r), Lecture 5",27,PL2SOU6wwxB0v1kQTpqpuu5kEJo2i-iUyf,PT1H23M3S,2404,2016-07-12T15:11:05Z
t4y5uAe5nb4,"Algorithms for Big Data (COMPSCI 229r), Lecture 6",27,PL2SOU6wwxB0v1kQTpqpuu5kEJo2i-iUyf,PT1H25M47S,2551,2016-07-12T15:16:52Z
JgWWK-8DCes,"Algorithms for Big Data (COMPSCI 229r), Lecture 7",27,PL2SOU6wwxB0v1kQTpqpuu5kEJo2i-iUyf,PT1H19M26S,1907,2016-07-12T15:35:11Z
aa2l9vTuFZo,"Algorithms for Big Data (COMPSCI 229r), Lecture 8",27,PL2SOU6wwxB0v1kQTpqpuu5kEJo2i-iUyf,PT1H22M2S,1493,2016-07-12T15:36:30Z
dtEvIva4N2s,"Algorithms for Big Data (COMPSCI 229r), Lecture 9",27,PL2SOU6wwxB0v1kQTpqpuu5kEJo2i-iUyf,PT1H23M12S,1477,2016-07-12T15:37:13Z
c8bIaCevKo8,"Algorithms for Big Data (COMPSCI 229r), Lecture 10",27,PL2SOU6wwxB0v1kQTpqpuu5kEJo2i-iUyf,PT1H18M47S,1356,2016-07-12T15:38:42Z
5RMNXQurh60,"Algorithms for Big Data (COMPSCI 229r), Lecture 11",27,PL2SOU6wwxB0v1kQTpqpuu5kEJo2i-iUyf,PT1H19M20S,1286,2016-07-12T15:39:11Z
#NAME?,"Algorithms for Big Data (COMPSCI 229r), Lecture 12",27,PL2SOU6wwxB0v1kQTpqpuu5kEJo2i-iUyf,PT1H30M6S,1441,2016-07-12T15:39:36Z
sIwmtGpNjl4,"Algorithms for Big Data (COMPSCI 229r), Lecture 13",27,PL2SOU6wwxB0v1kQTpqpuu5kEJo2i-iUyf,PT1H21M48S,1171,2016-07-12T15:40:03Z
F46U5IG5lN8,"Algorithms for Big Data (COMPSCI 229r), Lecture 14",27,PL2SOU6wwxB0v1kQTpqpuu5kEJo2i-iUyf,PT1H21M38S,1571,2016-07-12T15:40:30Z
smKQB7uG7eI,"Algorithms for Big Data (COMPSCI 229r), Lecture 15",27,PL2SOU6wwxB0v1kQTpqpuu5kEJo2i-iUyf,PT1H23M56S,1319,2016-07-12T15:43:03Z
T9NNL6Dotnc,"Algorithms for Big Data (COMPSCI 229r), Lecture 16",27,PL2SOU6wwxB0v1kQTpqpuu5kEJo2i-iUyf,PT1H23M2S,1128,2016-07-12T15:43:38Z
8XA1uEFtR3s,"Algorithms for Big Data (COMPSCI 229r), Lecture 17",27,PL2SOU6wwxB0v1kQTpqpuu5kEJo2i-iUyf,PT1H17M47S,1343,2016-07-12T15:44:02Z
aubLouNXyA0,"Algorithms for Big Data (COMPSCI 229r), Lecture 18",27,PL2SOU6wwxB0v1kQTpqpuu5kEJo2i-iUyf,PT1H23M14S,1063,2016-07-12T15:45:55Z
k9XG5Mv7t_g,"Algorithms for Big Data (COMPSCI 229r), Lecture 19",27,PL2SOU6wwxB0v1kQTpqpuu5kEJo2i-iUyf,PT1H19M47S,1332,2016-07-12T15:46:52Z
szbGlaysOd8,"Algorithms for Big Data (COMPSCI 229r), Lecture 20",27,PL2SOU6wwxB0v1kQTpqpuu5kEJo2i-iUyf,PT1H19M58S,1335,2016-07-12T15:47:40Z
waXjwYGsHYk,"Algorithms for Big Data (COMPSCI 229r), Lecture 21",27,PL2SOU6wwxB0v1kQTpqpuu5kEJo2i-iUyf,PT1H24M59S,1903,2016-07-12T16:04:37Z
TNhV5Z0DlXI,"Algorithms for Big Data (COMPSCI 229r), Lecture 22",27,PL2SOU6wwxB0v1kQTpqpuu5kEJo2i-iUyf,PT1H25M6S,1392,2016-07-12T16:05:04Z
N0BQe1WpBYo,"Algorithms for Big Data (COMPSCI 229r), Lecture 23",27,PL2SOU6wwxB0v1kQTpqpuu5kEJo2i-iUyf,PT1H22M52S,1720,2016-07-12T16:05:53Z
7dC_J0wL0L0,"Algorithms for Big Data (COMPSCI 229r), Lecture 24",27,PL2SOU6wwxB0v1kQTpqpuu5kEJo2i-iUyf,PT1H24M48S,1787,2016-07-12T16:06:30Z
CwSbDshioQY,"Algorithms for Big Data (COMPSCI 229r), Lecture 25",27,PL2SOU6wwxB0v1kQTpqpuu5kEJo2i-iUyf,PT1H21M17S,5420,2016-07-12T16:07:02Z
uOTy_0gXf7I,GCP Fundamentals - Google Cloud Platform Fundamentals: Core Infrastructure #1,27,PLVext98k2evjIFqVggHfvecnFu4tTJK_o,PT48S,6056,2019-01-28T17:55:04Z
7dTsB5yvmf4,What is Cloud Computing? - Google Cloud Platform Fundamentals: Core Infrastructure #2,27,PLVext98k2evjIFqVggHfvecnFu4tTJK_o,PT1M21S,5489,2019-01-28T17:55:10Z
Djbavkylm3c,Google Cloud: How did we get here? - Google Cloud Platform Fundamentals: Core Infrastructure #3,27,PLVext98k2evjIFqVggHfvecnFu4tTJK_o,PT1M46S,2248,2019-01-28T17:55:17Z
KNEM-FeN0TE,Every Company is a Data Company - Google Cloud Platform Fundamentals: Core Infrastructure #4,27,PLVext98k2evjIFqVggHfvecnFu4tTJK_o,PT27S,1707,2019-01-28T17:55:24Z
hJErWKBNyP8,GCP Computing Architectures - Google Cloud Platform Fundamentals: Core Infrastructure #5,27,PLVext98k2evjIFqVggHfvecnFu4tTJK_o,PT1M24S,1989,2019-01-28T17:55:30Z
kDwPrFH0VMo,The Google Network - Google Cloud Platform Fundamentals: Core Infrastructure #6,27,PLVext98k2evjIFqVggHfvecnFu4tTJK_o,PT45S,1686,2019-01-28T17:55:36Z
ieQ6l29Qqe4,GCP regions and zones - Google Cloud Platform Fundamentals: Core Infrastructure #7,27,PLVext98k2evjIFqVggHfvecnFu4tTJK_o,PT2M,2895,2019-01-28T17:55:44Z
I9ibVqrt2Gw,Environmental responsibility - Google Cloud Platform Fundamentals: Core Infrastructure #8,27,PLVext98k2evjIFqVggHfvecnFu4tTJK_o,PT1M15S,1202,2019-01-28T17:55:53Z
0JQy06VIeBQ,Pricing innovations - Google Cloud Platform Fundamentals: Core Infrastructure #9,27,PLVext98k2evjIFqVggHfvecnFu4tTJK_o,PT1M39S,1190,2019-01-28T17:56:00Z
x-qBEu5UzsE,Open APIs - Google Cloud Platform Fundamentals: Core Infrastructure #10,27,PLVext98k2evjIFqVggHfvecnFu4tTJK_o,PT1M23S,1298,2019-01-28T17:56:07Z
r-cRoU6CGMU,Why choose Google Cloud Platform - Google Cloud Platform Fundamentals: Core Infrastructure #11,27,PLVext98k2evjIFqVggHfvecnFu4tTJK_o,PT1M5S,1289,2019-01-28T17:56:15Z
2FbnsTf_Pbk,Multi-layered security approach - Google Cloud Platform Fundamentals: Core Infrastructure #12,27,PLVext98k2evjIFqVggHfvecnFu4tTJK_o,PT3M49S,1400,2019-01-28T17:56:21Z
5L7grw0y1O4,R Programming - Introduction to R by Johns Hopkins University,27,PLVext98k2evi8mDNRo4MwIgVgSmwM3cS8,PT1M21S,2907,2018-12-03T21:41:38Z
k8NJFLMZiRs,R Programming - Overview and History of R by Johns Hopkins University,27,PLVext98k2evi8mDNRo4MwIgVgSmwM3cS8,PT16M8S,1561,2018-12-03T21:41:48Z
Qbr4Vnsi2xY,R Programming - Getting Help with R by Johns Hopkins University,27,PLVext98k2evi8mDNRo4MwIgVgSmwM3cS8,PT13M54S,804,2018-12-03T21:41:56Z
6zivQNswb_4,R Programming - R Console Input and Evaluation by Johns Hopkins University,27,PLVext98k2evi8mDNRo4MwIgVgSmwM3cS8,PT4M47S,709,2018-12-03T21:42:05Z
-27i7PfGexo,R Programming - R Data Types: Objects and Attributes by Johns Hopkins University,27,PLVext98k2evi8mDNRo4MwIgVgSmwM3cS8,PT4M44S,885,2018-12-03T21:42:17Z
p01ckVx-678,R Programming - R Data Types: Vectors and Lists by Johns Hopkins University,27,PLVext98k2evi8mDNRo4MwIgVgSmwM3cS8,PT6M28S,430,2018-12-03T21:42:29Z
PRRvGwOdh38,R Programming - R Data Types: Matrices by Johns Hopkins University,27,PLVext98k2evi8mDNRo4MwIgVgSmwM3cS8,PT3M25S,290,2018-12-03T21:42:38Z
DWgsyr1CIVU,R Programming - R Data Types: Factors by Johns Hopkins University,27,PLVext98k2evi8mDNRo4MwIgVgSmwM3cS8,PT4M32S,298,2018-12-03T21:42:49Z
L8or88UEnfg,R Programming - R Data Types: Missing Values by Johns Hopkins University,27,PLVext98k2evi8mDNRo4MwIgVgSmwM3cS8,PT2M11S,242,2018-12-03T21:42:57Z
fCIF_gTrTxE,R Programming - R Data Types: Data Frames by Johns Hopkins University,27,PLVext98k2evi8mDNRo4MwIgVgSmwM3cS8,PT2M45S,256,2018-12-03T21:43:05Z
U0GzB7xlL10,R Programming - R Data Types: Names Attribute by Johns Hopkins University,27,PLVext98k2evi8mDNRo4MwIgVgSmwM3cS8,PT1M50S,240,2018-11-30T23:04:11Z
_xMn6yXGhGk,R Programming - R Data Types Summary by Johns Hopkins University,27,PLVext98k2evi8mDNRo4MwIgVgSmwM3cS8,PT44S,223,2018-12-03T21:43:27Z
aoecXogUcvw,R Programming - Reading Tabular Data by Johns Hopkins University,27,PLVext98k2evi8mDNRo4MwIgVgSmwM3cS8,PT5M52S,232,2018-12-03T21:43:35Z
ZOClFOooKoA,R Programming - Reading Large Tables by Johns Hopkins University,27,PLVext98k2evi8mDNRo4MwIgVgSmwM3cS8,PT7M9S,210,2018-12-03T21:43:42Z
qIespZ_xsPI,R Programming - Textual Data Formats by Johns Hopkins University,27,PLVext98k2evi8mDNRo4MwIgVgSmwM3cS8,PT4M59S,199,2018-12-03T21:43:50Z
ICGvr_V1WxA,R Programming - Connections: Interfaces to the Outside World by Johns Hopkins University,27,PLVext98k2evi8mDNRo4MwIgVgSmwM3cS8,PT4M36S,187,2018-12-03T21:43:58Z
Plcy3qM8wEE,R Programming - Subsetting R Objects: Basics by Johns Hopkins University,27,PLVext98k2evi8mDNRo4MwIgVgSmwM3cS8,PT4M14S,216,2018-12-03T21:44:06Z
7j6C1w9x9hw,R Programming - Subsetting R Objects: Lists by Johns Hopkins University,27,PLVext98k2evi8mDNRo4MwIgVgSmwM3cS8,PT4M46S,192,2018-12-03T21:44:15Z
83NSymr6pPw,R Programming - Subsetting R Objects: Matrices by Johns Hopkins University,27,PLVext98k2evi8mDNRo4MwIgVgSmwM3cS8,PT2M51S,162,2018-12-03T21:44:23Z
Kb4lXR6Z-Hc,R Programming - Subsetting R Objects: Partial Matching by Johns Hopkins University,27,PLVext98k2evi8mDNRo4MwIgVgSmwM3cS8,PT1M43S,192,2018-12-03T21:44:34Z
PYpIVFS6xwU,R Programming - Subsetting R Objects: Removing Missing Values by Johns Hopkins University,27,PLVext98k2evi8mDNRo4MwIgVgSmwM3cS8,PT4M,182,2018-12-03T21:44:43Z
tTUBLwjwriU,R Programming - Vectorized Operations by Johns Hopkins University,27,PLVext98k2evi8mDNRo4MwIgVgSmwM3cS8,PT3M47S,291,2018-12-03T21:45:01Z
o0Ia0QqdyPA,R Programming - Introduction to Swirl by Johns Hopkins University,27,PLVext98k2evi8mDNRo4MwIgVgSmwM3cS8,PT1M8S,1346,2018-12-03T21:45:30Z
-1ZFVwMXSXY,The Enigma encryption machine | Journey into cryptography | Computer Science | Khan Academy,27,PLSQl0a2vh4HA50QhFIirlEZRXG4yjcoGM,PT10M1S,197345,2014-04-28T20:36:11Z
1mjyq51ppT8,Random primality test (warm up) | Journey into cryptography | Computer Science | Khan Academy,27,PLSQl0a2vh4HA50QhFIirlEZRXG4yjcoGM,PT5M6S,15456,2014-04-29T22:48:20Z
7jzCJJIc59E,The prime number theorem | Journey into cryptography | Computer Science | Khan Academy,27,PLSQl0a2vh4HA50QhFIirlEZRXG4yjcoGM,PT6M46S,113224,2014-04-29T22:38:12Z
8CluknrLeys,The fundamental theorem of arithmetic | Computer Science | Khan Academy,27,PLSQl0a2vh4HA50QhFIirlEZRXG4yjcoGM,PT3M52S,421095,2012-03-28T00:33:30Z
9YRw0Yk7N8c,Time space tradeoff | Journey into cryptography | Computer Science | Khan Academy,27,PLSQl0a2vh4HA50QhFIirlEZRXG4yjcoGM,PT6M53S,18413,2014-04-29T22:39:42Z
A9Km337z15k,What should we learn next? | Journey into cryptography | Computer Science | Khan Academy,26,PLSQl0a2vh4HA50QhFIirlEZRXG4yjcoGM,PT5M17S,73729,2012-08-08T20:12:06Z
BgFJD7oCmDE,Polyalphabetic cipher | Journey into cryptography | Computer Science | Khan Academy,27,PLSQl0a2vh4HA50QhFIirlEZRXG4yjcoGM,PT2M27S,442403,2012-04-11T17:07:52Z
EPXilYOa71c,RSA encryption: Step 1 | Journey into cryptography | Computer Science | Khan Academy,27,PLSQl0a2vh4HA50QhFIirlEZRXG4yjcoGM,PT3M55S,143057,2014-04-28T20:48:14Z
FlIG3TvQCBQ,The one-time pad | Journey into cryptography | Computer Science | Khan Academy,27,PLSQl0a2vh4HA50QhFIirlEZRXG4yjcoGM,PT2M56S,439611,2012-04-11T17:12:02Z
GtOt7EBNEwQ,Pseudorandom number generators | Computer Science | Khan Academy,27,PLSQl0a2vh4HA50QhFIirlEZRXG4yjcoGM,PT6M41S,182501,2014-04-28T20:36:11Z
HIu1S2Wsso8,Primality test challenge | Journey into cryptography | Computer Science | Khan Academy,27,PLSQl0a2vh4HA50QhFIirlEZRXG4yjcoGM,PT1M5S,23979,2014-04-29T22:29:46Z
IY8BXNFgnyI,RSA encryption: Step 2 | Journey into cryptography | Computer Science | Khan Academy,27,PLSQl0a2vh4HA50QhFIirlEZRXG4yjcoGM,PT2M25S,106682,2014-04-28T20:48:14Z
Kf9KjCKmDcU,What is cryptography? | Journey into cryptography | Computer Science | Khan Academy,27,PLSQl0a2vh4HA50QhFIirlEZRXG4yjcoGM,PT1M31S,806345,2012-03-28T00:28:59Z
M-0qt6tdHzk,Diffie-hellman key exchange | Journey into cryptography | Computer Science | Khan Academy,27,PLSQl0a2vh4HA50QhFIirlEZRXG4yjcoGM,PT2M19S,238473,2014-04-28T20:48:14Z
MsqqpO9R5Hc,Public key cryptography: What is it? | Computer Science | Khan Academy,27,PLSQl0a2vh4HA50QhFIirlEZRXG4yjcoGM,PT4M32S,133599,2014-04-28T20:48:13Z
OoQ16YCYksw,Fermat's little theorem | Journey into cryptography | Computer Science | Khan Academy,27,PLSQl0a2vh4HA50QhFIirlEZRXG4yjcoGM,PT6M6S,86508,2014-04-29T22:48:20Z
SL7J8hPKEWY,The discrete logarithm problem | Journey into cryptography | Computer Science | Khan Academy,27,PLSQl0a2vh4HA50QhFIirlEZRXG4yjcoGM,PT1M56S,144101,2014-04-28T20:48:14Z
UjIPMJd6Xks,RSA encryption: Step 4 | Journey into cryptography | Computer Science | Khan Academy,27,PLSQl0a2vh4HA50QhFIirlEZRXG4yjcoGM,PT4M58S,98956,2014-04-28T20:48:13Z
WGMn16TDTjE,Randomized algorithms (intro) | Journey into cryptography | Computer Science | Khan Academy,27,PLSQl0a2vh4HA50QhFIirlEZRXG4yjcoGM,PT9M23S,38689,2014-04-30T22:05:23Z
XspzfNSSqyk,Primality test with sieve | Journey into cryptography | Computer Science | Khan Academy,27,PLSQl0a2vh4HA50QhFIirlEZRXG4yjcoGM,PT5M22S,15708,2014-04-29T22:34:43Z
Zxm4Xxvzohk,Conditional probability explained visually (Bayes' Theorem),27,PLSQl0a2vh4HA50QhFIirlEZRXG4yjcoGM,PT5M6S,440807,2013-01-24T07:34:15Z
cJvoi0LuutQ,RSA encryption: Step 3 | Journey into cryptography | Computer Science | Khan Academy,27,PLSQl0a2vh4HA50QhFIirlEZRXG4yjcoGM,PT2M58S,95598,2014-04-28T20:48:14Z
h6YWCuuJVj4,What is computer memory? | Journey into cryptography | Computer Science | Khan Academy,27,PLSQl0a2vh4HA50QhFIirlEZRXG4yjcoGM,PT5M24S,34975,2014-04-29T22:32:06Z
kFkUSizmR3k,Summary (what's next?) | Journey into cryptography | Computer Science | Khan Academy,27,PLSQl0a2vh4HA50QhFIirlEZRXG4yjcoGM,PT7M4S,11285,2014-04-29T22:38:45Z
klcIklsWzrY,Sieve of Eratosthenes | Journey into cryptography | Computer Science | Khan Academy,27,PLSQl0a2vh4HA50QhFIirlEZRXG4yjcoGM,PT4M12S,60617,2014-04-29T22:32:06Z
oYUzKAfrx0w,Algorithmic efficiency | Journey into cryptography | Computer Science | Khan Academy,27,PLSQl0a2vh4HA50QhFIirlEZRXG4yjcoGM,PT8M42S,27352,2014-04-29T22:32:06Z
qa_hksAzpSg,Euler's totient function | Journey into cryptography | Computer Science | Khan Academy,27,PLSQl0a2vh4HA50QhFIirlEZRXG4yjcoGM,PT2M18S,142558,2014-04-28T20:48:14Z
sMOZf4GN3oc,The Caesar cipher | Journey into cryptography | Computer Science | Khan Academy,27,PLSQl0a2vh4HA50QhFIirlEZRXG4yjcoGM,PT2M36S,627721,2012-03-28T00:39:26Z
vKRMWewGE9A,Perfect secrecy | Journey into cryptography | Computer Science | Khan Academy,27,PLSQl0a2vh4HA50QhFIirlEZRXG4yjcoGM,PT4M12S,135152,2014-04-28T20:36:11Z
vVXbgbMp0oY,Frequency stability property short film | Computer Science | Khan Academy,27,PLSQl0a2vh4HA50QhFIirlEZRXG4yjcoGM,PT2M9S,403595,2012-02-02T21:56:43Z
xMj3jzFDZ38,Fermat primality test (Prime Adventure Part 10),27,PLSQl0a2vh4HA50QhFIirlEZRXG4yjcoGM,PT7M8S,45984,2013-05-21T04:09:30Z
F0WoVEr0-44,Computational Thinking & Scratch - Intro to Computer Science - Harvard's CS50 (2018),27,PLWKjhJtqVAbmGw5fN5BQlwuug-8bDmabi,PT1H10M35S,185807,2019-01-22T19:29:20Z
ix5jPkxsr7M,C Programming Language - Intro to Computer Science - Harvard's CS50 (2018),27,PLWKjhJtqVAbmGw5fN5BQlwuug-8bDmabi,PT2H13M17S,168435,2019-01-23T19:27:22Z
ba7e4mksR5I,Arrays and Sorting Algorithms - Intro to Computer Science - Harvard's CS50 (2018),27,PLWKjhJtqVAbmGw5fN5BQlwuug-8bDmabi,PT2H7M33S,64925,2019-01-24T17:17:44Z
pejxLkT-wek,Memory - Intro to Computer Science - Harvard's CS50 (2018),27,PLWKjhJtqVAbmGw5fN5BQlwuug-8bDmabi,PT2H8M39S,51709,2019-01-25T16:46:04Z
uTZFGXv798o,Data Structures - Intro to Computer Science - Harvard's CS50 (2018),27,PLWKjhJtqVAbmGw5fN5BQlwuug-8bDmabi,PT2H3M28S,58806,2019-01-26T16:00:05Z
mudOTSUumXg,"HTTP, HTML, CSS - Intro to Computer Science - Harvard's CS50 (2018)",27,PLWKjhJtqVAbmGw5fN5BQlwuug-8bDmabi,PT1H46M19S,64400,2019-01-27T16:00:04Z
hnDU1G9hWqU,Python - Intro to Computer Science - Harvard's CS50 (2018),27,PLWKjhJtqVAbmGw5fN5BQlwuug-8bDmabi,PT1H52M8S,265481,2019-01-28T15:40:42Z
zdgYw-3tzfI,Web Programming with Flask - Intro to Computer Science - Harvard's CS50 (2018),27,PLWKjhJtqVAbmGw5fN5BQlwuug-8bDmabi,PT1H51M46S,84626,2019-01-29T14:05:46Z
TplT4qjz1RQ,SQL - Intro to Computer Science - Harvard's CS50 (2018),27,PLWKjhJtqVAbmGw5fN5BQlwuug-8bDmabi,PT1H52M,63758,2019-01-30T16:19:02Z
jZqYXSmgDuM,Pong (with Lua) - CS50's Intro to Game Development,27,PLWKjhJtqVAbluXJKKbCIb4xd7fcRkpzoz,PT1H37M3S,39630,2019-01-31T16:04:01Z
rBHusPevM5k,Flappy Bird (with Lua) - CS50's Intro to Game Development,27,PLWKjhJtqVAbluXJKKbCIb4xd7fcRkpzoz,PT2H5M24S,19416,2019-02-01T14:25:38Z
pGpn2YMXtdg,Breakout (Lua Tutorial) - CS50's Intro to Game Development,27,PLWKjhJtqVAbluXJKKbCIb4xd7fcRkpzoz,PT1H52M20S,9140,2019-02-02T16:30:46Z
64TbMmCgRv0,Match 3 (Lua Tutorial) - CS50's Intro to Game Development,27,PLWKjhJtqVAbluXJKKbCIb4xd7fcRkpzoz,PT1H54M13S,9033,2019-02-03T16:00:01Z
_cPwFo--1LA,Super Mario Bros Programming Tutorial - CS50's Intro to Game Development,27,PLWKjhJtqVAbluXJKKbCIb4xd7fcRkpzoz,PT1H54M21S,37467,2019-02-04T15:02:00Z
SPAffu3ivIM,Legend of Zelda Coding Tutorial - CS50's Intro to Game Development,27,PLWKjhJtqVAbluXJKKbCIb4xd7fcRkpzoz,PT1H41M59S,17006,2019-02-05T14:25:07Z
9iYjOkRDzBs,Angry Birds Coding Tutorial - CS50's Intro to Game Development,27,PLWKjhJtqVAbluXJKKbCIb4xd7fcRkpzoz,PT1H33M25S,17239,2019-02-06T15:53:03Z
gx_qorHxBpI,Pokémon Coding Tutorial - CS50's Intro to Game Development,27,PLWKjhJtqVAbluXJKKbCIb4xd7fcRkpzoz,PT2H55S,48000,2019-02-07T14:58:04Z
smRX1XItAjU,Unity / C# Tutorial | Helicopter Game 3D - CS50's Intro to Game Development,27,PLWKjhJtqVAbluXJKKbCIb4xd7fcRkpzoz,PT1H56M56S,15656,2019-02-08T15:49:02Z
MOqpJp5ZyDE,Dreadhalls | Unity 3D Tutorial - CS50's Intro to Game Development,27,PLWKjhJtqVAbluXJKKbCIb4xd7fcRkpzoz,PT1H54M30S,6081,2019-02-11T13:54:07Z
359zcpybgIM,Portal Clone Tutorial in Unity - CS50's Intro to Game Development,27,PLWKjhJtqVAbluXJKKbCIb4xd7fcRkpzoz,PT1H32M23S,12423,2019-02-12T14:52:47Z
riijspB9DIQ,Valve developers discuss Portal problems  - CS50's Intro to Game Development,27,PLWKjhJtqVAbluXJKKbCIb4xd7fcRkpzoz,PT1H41M28S,15191,2019-02-13T14:52:25Z
BU2rjqA_8Y4,"Web Development Tutorial | HTML, CSS, JS Crash Course (Part 1) - Colt Steele",27,PL6cactdCCnTLkQah9GKzsJmiLbegy4dEk,PT11M21S,178578,2018-03-06T20:00:36Z
eEUavj8-w8U,"Web Development Tutorial | HTML, CSS, JS Crash Course - Colt Steele",27,PL6cactdCCnTLkQah9GKzsJmiLbegy4dEk,PT13M48S,71677,2018-03-06T20:00:40Z
jBQFnyq7BFI,HTML and CSS For Beginners Part 3 - Colt Steele,27,PL6cactdCCnTLkQah9GKzsJmiLbegy4dEk,PT23M35S,30119,2018-03-06T20:00:56Z
Sr9yAi_q4LQ,HTML and CSS For Beginners Part 4 - Colt Steele,27,PL6cactdCCnTLkQah9GKzsJmiLbegy4dEk,PT21M55S,21324,2018-04-02T21:16:01Z
ZpU3mEaK0_w,JavaScript Tutorial for Beginners  (Complete)  - Maximilian Schwarzmuller,27,PL6cactdCCnTLkQah9GKzsJmiLbegy4dEk,PT1H17M59S,76269,2018-03-05T03:45:03Z
AaNZBrP26LQ,Angular 5 Tutorial (complete) - Maximilian Schwarzmuller,27,PL6cactdCCnTLkQah9GKzsJmiLbegy4dEk,PT2H1M23S,130627,2018-03-05T03:45:03Z
IZszRT5EL_I,FAQs  Angular - Maximilian Schwarzmuller,22,PL6cactdCCnTLkQah9GKzsJmiLbegy4dEk,PT34M19S,3158,2018-03-05T03:45:04Z
UtIOMUQ7nWM,React JS Tutorial | Learn ReactJS From a Top Udemy Instructor - Maximilian Schwarzmuller,27,PL6cactdCCnTLkQah9GKzsJmiLbegy4dEk,PT2H19M5S,124646,2018-03-05T03:45:04Z
rrZ1xix_g5Q,FAQs  React - Maximilian Schwarzmuller,22,PL6cactdCCnTLkQah9GKzsJmiLbegy4dEk,PT28M9S,3907,2018-03-05T03:45:04Z
EFxGk7wtCa4,Node.js for Beginners Part 1  (What is Node.js) - Edwin Diaz,27,PL6cactdCCnTLkQah9GKzsJmiLbegy4dEk,PT4M6S,31828,2018-03-06T20:19:07Z
d_bi_ZGfcBI,Node.js for Beginners Part 2 - Installing Node.js on Windows - Edwin Diaz,27,PL6cactdCCnTLkQah9GKzsJmiLbegy4dEk,PT2M27S,2725,2018-03-06T20:19:12Z
C8XCTBut14I,Node.js for Beginners Part 3 - Installing Node.js on a Mac OS - Edwin Diaz,22,PL6cactdCCnTLkQah9GKzsJmiLbegy4dEk,PT4M12S,1688,2018-03-06T20:19:23Z
GWB1zJCeBT0,HTML/CSS/JavaScript - What is the Difference? - Jonas Schmedtmann,22,PL6cactdCCnTLkQah9GKzsJmiLbegy4dEk,PT9M13S,14454,2018-03-23T16:13:04Z
yTW8Jx-4rho,JavaScript Scoping in 10 minutes! Jonas Schmedtmann,22,PL6cactdCCnTLkQah9GKzsJmiLbegy4dEk,PT13M34S,2929,2018-03-23T16:12:49Z
GGjpXlUxeNE,Top 5 HTML5 and CSS3 Questions Answered! - Jonas Schmedtmann,22,PL6cactdCCnTLkQah9GKzsJmiLbegy4dEk,PT11M14S,18278,2018-03-23T16:13:09Z
v_05rzEq6oc,Top 5 JavaScript Questions Answered! - Jonas Schmedtmann,22,PL6cactdCCnTLkQah9GKzsJmiLbegy4dEk,PT11M45S,6832,2018-03-23T16:12:54Z
3AKh0-PDsMw,JavaScript  Prototypal Inheritance - Jonas Schmedtmann,27,PL6cactdCCnTLkQah9GKzsJmiLbegy4dEk,PT40M51S,19161,2018-03-23T16:13:14Z
OhnOw9_SmIw,JavaScript Crash Course: Build a Bitcoin Calculator - Jonas Schmedtmann,27,PL6cactdCCnTLkQah9GKzsJmiLbegy4dEk,PT1H4M10S,24724,2018-03-23T16:12:59Z
RRJo_TXdqPg,Vue.JS Fundamentals Part1: What is Vue JS ? - Maximilian Schwarzmuller,27,PL6cactdCCnTLkQah9GKzsJmiLbegy4dEk,PT9M9S,4354,2018-03-23T15:52:20Z
z5CpaC6FFV4,VueJS2 Basics Part 2: Events and Methods - Maximilian Schwarzmuller,27,PL6cactdCCnTLkQah9GKzsJmiLbegy4dEk,PT6M5S,1432,2018-03-23T15:52:28Z
SlGUnKnKUe4,VueJS2 Basics Part 3: Binding HTML Attributes - Maximilian Schwarzmuller,27,PL6cactdCCnTLkQah9GKzsJmiLbegy4dEk,PT6M42S,1029,2018-03-23T15:52:34Z
OAR0E72hFyA,Vue.js Students FAQs Part 1 - Maximilian Schwarzmuller,22,PL6cactdCCnTLkQah9GKzsJmiLbegy4dEk,PT19M19S,3245,2018-03-23T15:52:13Z
CNBIifHRlJw,"Vue JS Project | Build an App with Vuejs, Vuetify and Firebase Part 1 - Maximilian Schwarzmuller",22,PL6cactdCCnTLkQah9GKzsJmiLbegy4dEk,PT2M59S,3393,2018-06-26T21:10:00Z
_41PXqCgEDw,"Vue JS Project | Build an App with Vuejs, Vuetify and Firebase Part  2 - Maximilian Schwarzmuller",22,PL6cactdCCnTLkQah9GKzsJmiLbegy4dEk,PT17M49S,3003,2018-06-26T21:10:41Z
8rkRfma_zls,"Vue JS Project | Build an App with Vuejs, Vuetify and Firebase Part  3 - Maximilian Schwarzmuller",22,PL6cactdCCnTLkQah9GKzsJmiLbegy4dEk,PT13M10S,3140,2018-06-26T21:10:51Z
Rp1wfHs0GWs,"Vue JS Project | Build an App with Vuejs, Vuetify and Firebase Part 4 - Maximilian Schwarzmuller",22,PL6cactdCCnTLkQah9GKzsJmiLbegy4dEk,PT25M39S,2816,2018-06-26T21:10:55Z
hBZQlCYM1IM,Angular2 Basics Part 1: Setup Using CLI - Maximilian Schwarzmuller,27,PL6cactdCCnTLkQah9GKzsJmiLbegy4dEk,PT9M17S,2148,2018-03-30T16:45:45Z
DR300s7DiWo,Angular2 Basics Part 2: Componenets and Appmodule - Maximilian Schwarzmuller,27,PL6cactdCCnTLkQah9GKzsJmiLbegy4dEk,PT11M41S,1042,2018-03-30T16:46:19Z
a9RQa6d8eWo,Angular2 Basics Part 3: Creating a Component - Maximilian Schwarzmuller,27,PL6cactdCCnTLkQah9GKzsJmiLbegy4dEk,PT9M55S,874,2018-03-30T16:46:32Z
FcZhDi2z3FI,"Angular2 Basics Part 4: Lists, Events and Databinding - Maximilian Schwarzmuller",27,PL6cactdCCnTLkQah9GKzsJmiLbegy4dEk,PT7M29S,1023,2018-03-30T16:46:46Z
Zujt4GNIEC8,React JS Tutorial Part 1: What is ReactJS? - Maximilian Schwarzmuller,27,PL6cactdCCnTLkQah9GKzsJmiLbegy4dEk,PT5M26S,2103,2018-04-23T17:13:11Z
f7JMGyrHqd8,ReactJS Basics Tutorial Part 2: Setup - Maximilian Schwarzmuller,27,PL6cactdCCnTLkQah9GKzsJmiLbegy4dEk,PT26M29S,1326,2018-04-23T17:16:03Z
CHd3W7OmtJQ,ReactJS Basics Tutorial Part 3: Set up Git - Maximilian Schwarzmuller,27,PL6cactdCCnTLkQah9GKzsJmiLbegy4dEk,PT1M53S,889,2018-04-23T17:18:41Z
DUdjcX4Uz44,ReactJS Basics Tutorial Part 4: First Component - Maximilian Schwarzmuller,22,PL6cactdCCnTLkQah9GKzsJmiLbegy4dEk,PT10M9S,1300,2018-05-15T21:23:40Z
eT7Pk7rOb2c,ReactJS and Redux Tutorial Part 1: Introduction - Maximilian Schwarzmuller,27,PL6cactdCCnTLkQah9GKzsJmiLbegy4dEk,PT3M54S,4023,2018-04-17T18:38:49Z
86q4LyE8h3E,ReactJS and Redux Tutorial Part 2: Why Use Redux? - Maximilian Schwarzmuller,27,PL6cactdCCnTLkQah9GKzsJmiLbegy4dEk,PT3M30S,2074,2018-04-17T18:42:30Z
V-WtkWvJyK4,ReactJS and Redux Tutorial Part 3: How to Use Redux? - Maximilian Schwarzmuller,27,PL6cactdCCnTLkQah9GKzsJmiLbegy4dEk,PT12M4S,2256,2018-04-17T18:42:57Z
FiJUHP0ni9c,ReactJS and Redux Tutorial Part 4: Working with State and Immutability - Maximilian Schwarzmuller,22,PL6cactdCCnTLkQah9GKzsJmiLbegy4dEk,PT14M32S,1875,2018-04-17T18:43:24Z
xBYKraiCHVA,ReactJS and Redux Tutorial Part 5: Multiple Reducers - Maximilian Schwarzmuller,27,PL6cactdCCnTLkQah9GKzsJmiLbegy4dEk,PT6M28S,1477,2018-04-17T18:44:07Z
0cB4D65vsIQ,JavaScript Linked List  - Eric Traub,27,PL6cactdCCnTLkQah9GKzsJmiLbegy4dEk,PT2M48S,1550,2018-03-05T03:45:03Z
7_GL0mm0d1U,JavaScript Binary Tree  - Eric Traub,27,PL6cactdCCnTLkQah9GKzsJmiLbegy4dEk,PT6M4S,1598,2018-03-05T03:45:03Z
vRY6ZwbI2Ho,JavaScript Hash Tables  - Eric Traub,27,PL6cactdCCnTLkQah9GKzsJmiLbegy4dEk,PT6M57S,2388,2018-03-05T03:45:04Z
6oP-c30s7co,Node JS Tutorial | NodeJS Crash Course  - Mosh Hamedani,27,PL6cactdCCnTLkQah9GKzsJmiLbegy4dEk,PT1H18M30S,26726,2018-05-04T19:36:14Z
6bjCvZEX52w,Github Tutorial | In Depth Explanation on Git & Github (DevOps Tools) from Andrei Neagoie,27,PL6cactdCCnTLkQah9GKzsJmiLbegy4dEk,PT38M11S,13360,2018-05-07T16:44:07Z
f0No0ZpZC04,How the Internet Works - Andrei Neagoie,27,PL6cactdCCnTLkQah9GKzsJmiLbegy4dEk,PT6M33S,4725,2018-05-07T16:44:18Z
kFggNxp4QXM,Where is the Internet? - Andrei Neagoie,27,PL6cactdCCnTLkQah9GKzsJmiLbegy4dEk,PT6M19S,1840,2018-05-07T16:44:24Z
rrdoRJ69b0M,Changing Google Web Page - Andrei Neagoie,27,PL6cactdCCnTLkQah9GKzsJmiLbegy4dEk,PT3M22S,1683,2018-05-07T16:44:31Z
hGSHfObcVf4,How Does Javascript Work? - Andrei Neagoie,27,PL6cactdCCnTLkQah9GKzsJmiLbegy4dEk,PT24M52S,22430,2018-05-07T16:44:42Z
hquNrTrcDT0,Promises in Javascript - Andrei Neagoie,27,PL6cactdCCnTLkQah9GKzsJmiLbegy4dEk,PT22M37S,3292,2018-05-07T16:54:01Z
gCcl2MSzB7I,Angular Tutorial | Angular Crash Course (2018) - Mosh Hamedani,27,PL6cactdCCnTLkQah9GKzsJmiLbegy4dEk,PT32M10S,20167,2018-05-30T18:16:34Z
HgA5VOFan5E,JavaScript: Intro to Big O Notation and Function Runtime - Eric Traub,27,PL6cactdCCnTLkQah9GKzsJmiLbegy4dEk,PT9M6S,3515,2018-05-30T18:34:35Z
3NWPXlAqQsg,JavaScript: Constructor Functions & the 'this' Keyword - Eric Traub,27,PL6cactdCCnTLkQah9GKzsJmiLbegy4dEk,PT9M57S,1090,2018-05-30T18:38:38Z
GxC2fmOjC1g,JavaScript Tutorial | Javascript Prototype Object - Eric Traub,27,PL6cactdCCnTLkQah9GKzsJmiLbegy4dEk,PT6M6S,1405,2018-06-26T21:19:24Z
sIb9aDvsOgE,Node JS for Beginners Part 4: Running Node js - Edwin Diaz,27,PL6cactdCCnTLkQah9GKzsJmiLbegy4dEk,PT6M36S,1582,2018-07-05T16:51:50Z
2Mv7QBWup2U,Node JS for Beginners Part 6: Creating a Server using Node.js - Edwin Diaz,27,PL6cactdCCnTLkQah9GKzsJmiLbegy4dEk,PT10M43S,1913,2018-07-05T16:52:16Z
raGaSETo12U,Node.js for Beginners Part 5: Using NPM - Edwin Diaz,27,PL6cactdCCnTLkQah9GKzsJmiLbegy4dEk,PT4M13S,1663,2018-07-05T16:52:12Z
QFaFIcGhPoM,ReactJS Tutorial - 1 - Introduction,27,PLC3y8-rFHvwgg3vaYJgHGnModB54rxOk3,PT9M34S,614769,2018-10-22T10:30:00Z
9hb_0TZ_MVI,ReactJS Tutorial - 2 - Hello World,27,PLC3y8-rFHvwgg3vaYJgHGnModB54rxOk3,PT4M54S,286229,2018-10-29T10:30:00Z
9VIiLJL0H4Y,ReactJS Tutorial - 3 - Folder Structure,27,PLC3y8-rFHvwgg3vaYJgHGnModB54rxOk3,PT5M35S,203969,2018-10-29T10:30:00Z
Y2hgEGPzTZY,ReactJS Tutorial - 4 - Components,27,PLC3y8-rFHvwgg3vaYJgHGnModB54rxOk3,PT4M59S,179151,2018-10-29T10:45:00Z
Cla1WwguArA,ReactJS Tutorial - 5 - Functional Components,27,PLC3y8-rFHvwgg3vaYJgHGnModB54rxOk3,PT6M33S,185494,2018-10-29T10:45:01Z
lnV34uLEzis,ReactJS Tutorial - 6 - Class Components,27,PLC3y8-rFHvwgg3vaYJgHGnModB54rxOk3,PT6M22S,152299,2018-10-29T10:45:00Z
oecI26cWqzk,ReactJS Tutorial - 7 - Hooks Update,27,PLC3y8-rFHvwgg3vaYJgHGnModB54rxOk3,PT3M54S,117175,2018-10-29T15:21:51Z
7fPXI_MnBOY,ReactJS Tutorial - 8 - JSX,27,PLC3y8-rFHvwgg3vaYJgHGnModB54rxOk3,PT11M25S,137159,2018-11-05T11:30:01Z
m7OWXtbiXX8,ReactJS Tutorial - 9 - Props,27,PLC3y8-rFHvwgg3vaYJgHGnModB54rxOk3,PT11M37S,157849,2018-11-05T11:30:01Z
4ORZ1GmjaMc,ReactJS Tutorial - 10 - State,27,PLC3y8-rFHvwgg3vaYJgHGnModB54rxOk3,PT10M35S,138788,2018-11-26T11:38:05Z
uirRaVjRsf4,ReactJS Tutorial - 11 - setState,27,PLC3y8-rFHvwgg3vaYJgHGnModB54rxOk3,PT14M30S,122835,2018-11-26T11:53:49Z
5_PdMS9CLLI,ReactJS Tutorial - 12 - Destructuring props and state,27,PLC3y8-rFHvwgg3vaYJgHGnModB54rxOk3,PT4M45S,92544,2018-11-26T12:03:49Z
Znqv84xi8Vs,ReactJS Tutorial - 13 - Event Handling,27,PLC3y8-rFHvwgg3vaYJgHGnModB54rxOk3,PT7M36S,102310,2018-12-03T12:13:45Z
kVWpBtRjkCk,ReactJS Tutorial - 14 - Binding Event Handlers,27,PLC3y8-rFHvwgg3vaYJgHGnModB54rxOk3,PT11M56S,99042,2018-12-03T12:23:41Z
QpfyjwhY9kg,ReactJS Tutorial - 15 - Methods as props,27,PLC3y8-rFHvwgg3vaYJgHGnModB54rxOk3,PT8M45S,85044,2018-12-03T12:31:32Z
7o5FPaVA9m0,ReactJS Tutorial - 16 - Conditional Rendering,27,PLC3y8-rFHvwgg3vaYJgHGnModB54rxOk3,PT11M46S,80336,2018-12-10T10:23:15Z
5s8Ol9uw-yM,ReactJS Tutorial - 17 - List Rendering,27,PLC3y8-rFHvwgg3vaYJgHGnModB54rxOk3,PT11M57S,82592,2018-12-10T10:32:17Z
0sasRxl35_8,ReactJS Tutorial - 18 - Lists and Keys,27,PLC3y8-rFHvwgg3vaYJgHGnModB54rxOk3,PT7M32S,61933,2018-12-10T10:32:42Z
xlPxnc5uUPQ,ReactJS Tutorial - 19 - Index as Key Anti-pattern,27,PLC3y8-rFHvwgg3vaYJgHGnModB54rxOk3,PT11M,53628,2018-12-10T10:33:14Z
j5P9FHiBVNo,ReactJS Tutorial - 20 - Styling and CSS Basics,27,PLC3y8-rFHvwgg3vaYJgHGnModB54rxOk3,PT11M40S,88972,2018-12-17T11:30:25Z
7Vo_VCcWupQ,ReactJS Tutorial - 21 - Basics of Form Handling,27,PLC3y8-rFHvwgg3vaYJgHGnModB54rxOk3,PT13M49S,97033,2018-12-17T11:51:11Z
qnN_FuFNq2g,ReactJS Tutorial - 22 - Component Lifecycle Methods,27,PLC3y8-rFHvwgg3vaYJgHGnModB54rxOk3,PT2M39S,55392,2018-12-24T11:00:57Z
KDXZibVdiEI,ReactJS Tutorial - 23 - Component Mounting Lifecycle Methods,27,PLC3y8-rFHvwgg3vaYJgHGnModB54rxOk3,PT10M37S,58988,2018-12-24T11:04:50Z
DyPkojd1fas,ReactJS Tutorial - 24 - Component Updating Lifecycle Methods,27,PLC3y8-rFHvwgg3vaYJgHGnModB54rxOk3,PT10M35S,48033,2018-12-24T11:05:12Z
bHdh1T0-US4,ReactJS Tutorial - 25 - Fragments,27,PLC3y8-rFHvwgg3vaYJgHGnModB54rxOk3,PT9M43S,47603,2019-01-02T11:26:51Z
YCRuTT31qR0,ReactJS Tutorial - 26 - Pure Components,27,PLC3y8-rFHvwgg3vaYJgHGnModB54rxOk3,PT12M45S,55469,2019-01-02T11:27:38Z
7TaBhrnPH78,ReactJS Tutorial - 27 - memo,27,PLC3y8-rFHvwgg3vaYJgHGnModB54rxOk3,PT4M21S,41530,2019-01-02T11:28:11Z
FXa9mMTKOu8,ReactJS Tutorial - 28 - Refs,27,PLC3y8-rFHvwgg3vaYJgHGnModB54rxOk3,PT9M33S,58122,2019-01-07T11:51:22Z
8aCXVC9Qmto,ReactJS Tutorial - 29 - Refs with Class Components,27,PLC3y8-rFHvwgg3vaYJgHGnModB54rxOk3,PT5M41S,37617,2019-01-07T11:51:41Z
RLWniwmfdq4,ReactJS Tutorial - 30 - Forwarding Refs,27,PLC3y8-rFHvwgg3vaYJgHGnModB54rxOk3,PT7M27S,39710,2019-01-07T11:52:00Z
HpHLa-5Wdys,ReactJS Tutorial - 31 - Portals,27,PLC3y8-rFHvwgg3vaYJgHGnModB54rxOk3,PT9M19S,41856,2019-01-14T11:40:24Z
DNYXgtZBRPE,ReactJS Tutorial - 32 - Error Boundary,27,PLC3y8-rFHvwgg3vaYJgHGnModB54rxOk3,PT10M53S,39912,2019-01-14T11:50:52Z
B6aNv8nkUSw,ReactJS Tutorial - 33 - Higher Order Components (Part 1),27,PLC3y8-rFHvwgg3vaYJgHGnModB54rxOk3,PT6M50S,62323,2019-01-21T13:15:45Z
rsBQj6X7UK8,ReactJS Tutorial - 34 - Higher Order Components (Part 2),27,PLC3y8-rFHvwgg3vaYJgHGnModB54rxOk3,PT12M39S,55099,2019-01-21T13:16:12Z
l8V59zIdBXU,ReactJS Tutorial - 35 - Higher Order Components (Part 3),27,PLC3y8-rFHvwgg3vaYJgHGnModB54rxOk3,PT3M42S,32537,2019-01-21T13:16:53Z
NdapMDgNhtE,ReactJS Tutorial - 36 - Render Props (Part 1),27,PLC3y8-rFHvwgg3vaYJgHGnModB54rxOk3,PT4M57S,35615,2019-01-28T11:31:18Z
EZil2OTyB4w,ReactJS Tutorial - 37 - Render Props (Part 2),27,PLC3y8-rFHvwgg3vaYJgHGnModB54rxOk3,PT11M10S,33097,2019-01-28T11:31:39Z
j3j8St50fNY,ReactJS Tutorial - 38 - Context (Part 1),27,PLC3y8-rFHvwgg3vaYJgHGnModB54rxOk3,PT3M25S,33477,2019-02-04T10:33:46Z
lTjQjWemKgE,ReactJS Tutorial - 39 - Context (Part 2),27,PLC3y8-rFHvwgg3vaYJgHGnModB54rxOk3,PT7M25S,33715,2019-02-04T10:45:56Z
A9WlkhdLnn0,ReactJS Tutorial - 40 - Context (Part 3),27,PLC3y8-rFHvwgg3vaYJgHGnModB54rxOk3,PT4M44S,27530,2019-02-04T10:46:12Z
GTmjthNvrxY,ReactJS Tutorial - 41 - HTTP and React,27,PLC3y8-rFHvwgg3vaYJgHGnModB54rxOk3,PT3M17S,34116,2019-02-11T12:48:35Z
NEYrSUM4Umw,ReactJS Tutorial - 42 - HTTP GET Request,27,PLC3y8-rFHvwgg3vaYJgHGnModB54rxOk3,PT7M46S,52052,2019-02-11T12:58:28Z
x9UEDRbLhJE,ReactJS Tutorial - 43 - HTTP Post Request,27,PLC3y8-rFHvwgg3vaYJgHGnModB54rxOk3,PT7M15S,71206,2019-02-11T13:34:07Z
cF2lQ_gZeA8,React Hooks Tutorial - 1 - Introduction,27,PLC3y8-rFHvwgg3vaYJgHGnModB54rxOk3,PT7M56S,105888,2019-05-13T11:28:45Z
lAW1Jmmr9hc,React Hooks Tutorial - 2 - useState Hook,27,PLC3y8-rFHvwgg3vaYJgHGnModB54rxOk3,PT10M45S,60258,2019-05-20T10:30:02Z
d0plTCQgsXs,React Hooks Tutorial - 3 - useState with previous state,27,PLC3y8-rFHvwgg3vaYJgHGnModB54rxOk3,PT6M21S,47932,2019-05-20T10:45:00Z
-3lL8oyev9w,React Hooks Tutorial - 4 - useState with object,27,PLC3y8-rFHvwgg3vaYJgHGnModB54rxOk3,PT7M19S,47334,2019-05-20T11:00:00Z
RZ5wKYbOM_I,React Hooks Tutorial - 5 - useState with array,27,PLC3y8-rFHvwgg3vaYJgHGnModB54rxOk3,PT5M55S,49013,2019-05-20T11:15:01Z
06Y6aJzTmXY,React Hooks Tutorial - 6 - useEffect Hook,27,PLC3y8-rFHvwgg3vaYJgHGnModB54rxOk3,PT3M46S,37906,2019-05-27T11:32:39Z
nAuWOnFMlOw,React Hooks Tutorial - 7 - useEffect after render,27,PLC3y8-rFHvwgg3vaYJgHGnModB54rxOk3,PT7M24S,38602,2019-05-27T11:38:57Z
8DYlzVUTC7s,React Hooks Tutorial - 8 - Conditionally run effects,27,PLC3y8-rFHvwgg3vaYJgHGnModB54rxOk3,PT7M39S,34106,2019-05-27T11:39:50Z
BH4xvzHa7H8,React Hooks Tutorial - 9 - Run effects only once,27,PLC3y8-rFHvwgg3vaYJgHGnModB54rxOk3,PT5M25S,28826,2019-06-10T12:39:04Z
DTlmk6QeOHY,React Hooks Tutorial - 10 - useEffect with cleanup,27,PLC3y8-rFHvwgg3vaYJgHGnModB54rxOk3,PT5M54S,30089,2019-06-10T12:40:24Z
SP-NrbQHFww,React Hooks Tutorial - 11 - useEffect with incorrect dependency,27,PLC3y8-rFHvwgg3vaYJgHGnModB54rxOk3,PT10M24S,28897,2019-06-10T12:42:41Z
bYFYF2GnMy8,React Hooks Tutorial - 12 - Fetching data with useEffect Part 1,27,PLC3y8-rFHvwgg3vaYJgHGnModB54rxOk3,PT5M37S,36812,2019-06-17T12:06:34Z
1tfd6ANaNRY,React Hooks Tutorial - 13 - Fetching data with useEffect Part 2,27,PLC3y8-rFHvwgg3vaYJgHGnModB54rxOk3,PT4M45S,26313,2019-06-17T12:13:30Z
zm_09NER-R0,React Hooks Tutorial - 14 - Fetching data with useEffect Part 3,27,PLC3y8-rFHvwgg3vaYJgHGnModB54rxOk3,PT2M58S,23951,2019-06-17T12:14:23Z
CI7EYWmRDJE,React Hooks Tutorial - 15 - useContext Hook Part 1,27,PLC3y8-rFHvwgg3vaYJgHGnModB54rxOk3,PT3M43S,27594,2019-06-24T11:27:18Z
tEqNSOhCHLU,React Hooks Tutorial - 16 - useContext Hook Part 2,27,PLC3y8-rFHvwgg3vaYJgHGnModB54rxOk3,PT6M9S,26818,2019-06-24T11:33:43Z
UjjtvroahBU,React Hooks Tutorial - 17 - useContext Hook Part 3,27,PLC3y8-rFHvwgg3vaYJgHGnModB54rxOk3,PT3M2S,24479,2019-06-24T11:34:15Z
cVYp4u1m6iA,React Hooks Tutorial - 18 - useReducer Hook,27,PLC3y8-rFHvwgg3vaYJgHGnModB54rxOk3,PT8M43S,27321,2019-07-01T12:01:07Z
IHJ-TO_1nME,React Hooks Tutorial - 19 - useReducer (simple state & action),27,PLC3y8-rFHvwgg3vaYJgHGnModB54rxOk3,PT9M49S,25837,2019-07-01T12:11:06Z
uX7lxFrWUbA,React Hooks Tutorial - 20 - useReducer (complex state & action),27,PLC3y8-rFHvwgg3vaYJgHGnModB54rxOk3,PT8M34S,21945,2019-07-01T12:22:41Z
5DsCKNRA8s4,React Hooks Tutorial - 21 - Multiple useReducers,27,PLC3y8-rFHvwgg3vaYJgHGnModB54rxOk3,PT3M9S,17213,2019-07-08T11:46:41Z
BCD2irXaVoE,React Hooks Tutorial - 22 - useReducer with useContext,27,PLC3y8-rFHvwgg3vaYJgHGnModB54rxOk3,PT12M11S,24421,2019-07-08T11:48:45Z
snzS7-73SEQ,React Hooks Tutorial - 23 - Fetching data with useReducer Part 1,27,PLC3y8-rFHvwgg3vaYJgHGnModB54rxOk3,PT7M3S,18614,2019-07-15T11:51:15Z
imjfiXxvMD8,React Hooks Tutorial - 24 - Fetching data with useReducer Part 2,27,PLC3y8-rFHvwgg3vaYJgHGnModB54rxOk3,PT7M9S,18840,2019-07-15T11:54:29Z
3VClygDRSsU,React Hooks Tutorial - 25 - useState vs useReducer,27,PLC3y8-rFHvwgg3vaYJgHGnModB54rxOk3,PT4M19S,15068,2019-07-15T11:59:02Z
IL82CzlaCys,React Hooks Tutorial - 26 - useCallback Hook,27,PLC3y8-rFHvwgg3vaYJgHGnModB54rxOk3,PT15M26S,27128,2019-07-22T11:00:04Z
qySZIzZvZOY,React Hooks Tutorial - 27 - useMemo Hook,27,PLC3y8-rFHvwgg3vaYJgHGnModB54rxOk3,PT10M41S,18711,2019-07-22T11:15:00Z
yCS2m01bQ6w,React Hooks Tutorial - 28 - useRef Hook Part 1,27,PLC3y8-rFHvwgg3vaYJgHGnModB54rxOk3,PT4M18S,17717,2019-07-29T10:30:01Z
LWg0OyZQffc,React Hooks Tutorial - 29 - useRef Hook Part 2,27,PLC3y8-rFHvwgg3vaYJgHGnModB54rxOk3,PT9M46S,15930,2019-07-29T10:45:01Z
l-s9MgoMwTI,React Hooks Tutorial - 30 - Custom Hooks,27,PLC3y8-rFHvwgg3vaYJgHGnModB54rxOk3,PT1M49S,12211,2019-08-05T12:15:15Z
4yp6T-hF5ZY,React Hooks Tutorial - 31 - useDocumentTitle Custom Hook,27,PLC3y8-rFHvwgg3vaYJgHGnModB54rxOk3,PT8M59S,13613,2019-08-05T12:21:48Z
W3_GIiN-nuc,React Hooks Tutorial - 32 - useCounter Custom Hook,27,PLC3y8-rFHvwgg3vaYJgHGnModB54rxOk3,PT7M47S,12421,2019-08-05T12:27:58Z
6am-yn3ZLEw,React Hooks Tutorial - 33 - useInput Custom Hook,27,PLC3y8-rFHvwgg3vaYJgHGnModB54rxOk3,PT9M46S,23171,2019-08-05T12:35:06Z